keyword,search_volume
ransomware,27100
edr,18100
ai in cybersecurity,18100
vulnerability assessment,18100
cloud security,14800
dlp,12100
cybersecurity services,12100
cve database,1900
data exploits,1300
vulnerabilities meaning,1000
vulnerability management software,1000
dark web,135000
iam,33100
siem,27100
sdlc,27100
cve,22200
pci compliance,22200
waf,14800
what is a botnet,14800
social engineering meaning,14800
spear phishing,14800
pen testing,12100
what is a man in the middle attack,12100
web application firewall,9900
data loss prevention,8100
common vulnerabilities and exposures,6600
managed security services,6600
mitre attack framework,5400
application security,5400
cyber threat intelligence,4400
pci dss compliance,4400
identity access management,3600
mitm,3600
security information and event management,3600
what is siem,3600
network segmentation,3600
cybersecurity risk assessment,3600
secure access service edge,2900
vulnerability scanning,2900
what is data security,2400
what is edr,2400
what is mdr,2400
cyber risk management,2400
vulnerability scanning tools,2400
kubernetes security,1900
attack surface,1900
edr solutions,1900
cyber risk,1900
incident response services,1900
cis critical security controls,1900
supply chain attack,1900
brute force attack,1900
vulnerability scanners,1600
cyber security managed services,1600
identity and access management solutions,1600
cyber security risk assessment,1600
mdr security,1600
ndr meaning,1600
managed security services provider,1600
cloud native security,1600
app security,1600
sast tools,1600
dlp security,1300
devops security,1300
xdr vs edr,1300
edr vs xdr,1300
vulnerability assessment tools,1300
what is zero trust architecture,1300
lateral motion,1300
container security best practices,1300
siem software,1300
cloud security companies,1300
security information and event management siem system,1000
siem vs soar,1000
xdr meaning,1000
api security testing,1000
threat intelligence tools,1000
iam security,1000
static application security testing,1000
aws cloud security,1000
container runtime security,720
dast testing,720
vulnerabilities definition,590
dark web scanner,480
endpoint solutions,390
kubernetes security posture management,320
siem magic quadrant,260
gartner magic quadrant siem,260
siem gartner,210
cyber intelligence feeds,210
gartner siem,210
open source threat intelligence feeds,210
google cloud platform security,170
gartner mq siem,170
gartner quadrant siem,140
cloud compliance challenges,140
attack surface intelligence,140
application security as a service,110
attack path management,110
gartner mdr,110
gartner magic quadrant for siem,110
managed it services,49500
the dark web,22200
software development life cycle,18100
spoofing,18100
what is the dark web,18100
mdr,14800
social engineering,14800
social engineering definition,14800
network security,14800
mssp,12100
cicd,9900
devsecops,9900
endpoint detection and response,8100
red team,8100
social engineering in security,8100
vulnerabilities,6600
xdr,6600
cnapp,6600
ransomware attack,6600
cspm,6600
vulnerability management,6600
cve vulnerability,6600
managed security service provider,5400
threat intelligence,5400
what is spoofing,5400
lateral movement,5400
cloud security solutions,5400
identity and access management,5400
man in the middle attack,5400
dast,5400
mdr meaning,4400
api security,4400
siem tools,4400
indicators of compromise,4400
dark web monitoring,4400
zero day attack,4400
what is spear phishing,4400
iot security,4400
cloud security best practices,3600
penetration test,3600
shadow it,3600
managed detection and response,3600
attack surface management,2900
cloud security tools,2900
vulnerability scanner,2900
cross website scripting,2900
container security,2900
cross server scripting,2900
spoofing meaning,2900
cloud network security,2900
cloud security posture management,2900
managed cybersecurity services,2900
patch management,2900
ueba,2900
vulnerability management tools,2400
what is devsecops,2400
ai compliance,2400
what is fedramp,2400
soc services,2400
zero day security exploits,2400
ai risk management,2400
remote code execution,2400
edr security,2400
threat intelligence platform,2400
cybersecurity risk management,2400
ciem,1900
what is soar,1900
soc as a service,1900
what is iam,1900
what is xdr,1900
what is dlp,1900
ctem,1900
cve meaning,1900
siem system,1900
penetration testing tools,1900
application security testing,1900
managed security,1900
itdr,1900
siem cyber security,1900
what is a siem,1600
vulnerability management lifecycle,1600
vulnerability scan,1600
dynamic application security testing,1600
threat detection,1600
log management,1600
what is cloud security,1600
vulnerability management process,1600
dev sec ops,1600
extended detection and response,1600
apt attack,1600
mdr services,1600
siem solutions,1600
cloud access security brokers,1600
siem tool,1600
network detection and response,1600
what is sql injection,1600
soar security,1600
security as a service,1600
managed detection and response services,1600
threat and vulnerability management,1300
what is shadow it,1300
shared responsibility model,1300
iam tools,1300
what does malware do,1300
mdr solutions,1300
zero trust security model,1300
siem it,1300
threat detection and response,1300
apt threat,1300
dast tools,1300
xdr security,1300
siem security,1300
waf security,1300
threat model,1300
automated penetration testing,1300
casb security,1300
what is a zero day attack,1300
vulnerability management system,1300
cloud compliance,1300
sql injection definition,1300
cloud security platform,1300
cloud security posture management tools,1300
managed network security,1300
what is data loss prevention,1300
siem solution,1300
what is vulnerability management,1000
managed security service provider mssp,1000
user behavior analytics,1000
vuln assessment,1000
siem security event,1000
vulnerability scans,1000
vulnerability testing,1000
managed siem,1000
what is cnapp,1000
ransomware examples,1000
digital risk protection,1000
cloud security compliance,1000
easm,1000
spear phishing attack,1000
application security tools,1000
managed edr,1000
shift left security,1000
azure security,1000
critical security controls,1000
cloud siem,1000
cspm tools,1000
what is advanced persistent threat,1000
what is red teaming,1000
continuous threat exposure management,1000
mssp security,1000
brute force attack definition,1000
brute force meaning,1000
mdr cybersecurity,1000
intrusion prevention,1000
what is an apt,1000
cyber security risk management,1000
what is iot security,1000
threat intelligence platforms,1000
file integrity monitoring,1000
supply chain attacks,880
managed cyber security service,880
internet of things security,880
soar vs siem,880
endpoint detection and response solutions,880
siems,880
siem systems,880
threat intelligence services,880
what is container security,880
what is siem in cyber security,880
api security tools,880
what does siem stand for,880
what is a brute force attack,880
network traffic monitor,720
iac tools,720
identity access management tools,720
types of ransomware,720
siem management,720
web vulnerability scanner,720
sql exploit,720
cloud app security broker,720
cloud security standards,720
cybersecurity risk,720
data leakage protection,720
managed security service,720
define siem,720
managed endpoint security,720
xdr platform,720
soar cybersecurity,590
it asset discovery,590
siem platforms,590
container scanning,590
what is cyber threat intelligence,590
data leak protection,590
threat intelligence software,590
security managed services,590
cyber threat intelligence tools,590
security information and event management siem,590
cybersecurity threat intelligence,590
aws security tools,590
zero trust security architecture,590
cyber security ai,590
adversarial ai,590
cyber security as a service,590
rce exploit,590
security siem tools,590
xss attacks,590
cyber security risk,590
managed endpoint detection and response,480
zero day attack meaning,480
secure access service edge sase,480
what is patch management,480
siem and soar,480
siem logging,480
pam security,480
siem soc,480
mcp security,480
siem security solutions,480
siem security information and event management,480
container scanning tools,480
docker container security,480
cloud workload security,480
software vulnerability tools,480
vulnerability database,480
what is a supply chain attack,480
internet of things security solutions,390
siem examples,390
threat and vulnerability assessment,390
security incident event management,390
static application security testing tools,390
edr vs siem,390
meaning of siem,390
soc siem,390
cyber security vulnerability assessment,390
risk-based vulnerability management,390
what is endpoint detection and response,390
security operations services,390
siem security software,390
siem tools list,390
siem use cases,390
vulnerability intelligence,390
nist cyber security,320
ai security vulnerabilities,320
api cybersecurity,320
ransomware solution,320
vulnerability scan tools,320
what is xdr security,320
xdr vendors,320
cve search,320
indicator of compromise,320
siem vs edr,320
mdr solution,320
software supply chain attacks,320
soar siem,320
cloud native siem,320
managed endpoint protection,320
threat intelligence as a service,320
xdr vs siem vs soar,260
security operations center services,260
security intelligence,260
threat intelligence program,260
what is siem in security,260
security automation tools,260
vulnerability scanning as a service,260
vulnerability assessment software,260
siem log management,260
xdr solution,260
siem and soc,260
network security as a service,260
managed security operations,260
best vulnerability management tools,260
cybersecurity vulnerability assessment,260
cyber security risk assessment tools,260
cyber vulnerability assessment,260
cloud risk assessment,260
automated pen testing,260
asm security,260
ioc cyber security,260
casb tools,260
network security scanner,260
cloud security products,210
mdr cyber,210
cspm vs cwpp,210
kubernetes runtime security,210
vulnerability assessment methodology,210
threat intelligence vendors,210
dlp cybersecurity,210
siem tools examples,210
sase network security,210
popular siem tools,210
security information and event management definition,210
security information and event management siem software,210
ngav vs edr,210
application vulnerability assessment,210
cloud patch management,210
soc as a service companies,170
zero trust architecture example,170
top 10 siem tools,170
xdr platforms,170
soar systems,170
examples of siem,170
examples of siem tools,170
enterprise dark web monitoring,170
kubernetes security issues,170
secure access edge service,170
asset discovery software,170
security information and event management system,170
cloud siem solutions,170
cyber security asset management,170
cloud security aws,170
mdr vs mssp vs siem,170
enterprise log management,140
types of threat actors,140
co managed siem,140
ueba cyber security,140
difference between siem and soar,140
easm cybersecurity,140
continuous attack surface monitoring,140
user entity behavior analytics,140
mdr services cybersecurity,140
network detection and response tools,140
security event monitoring,140
definition of least privilege,110
cyber attack surface,110
what is cyber risk,110
siem security incident event management,110
container security solution,110
managed incident response,110
risk based vulnerability prioritization,110
mcp server security,110
what is telemetry in cyber security,110
zero trust network model,110
next generation siem,110
what is the mitre att&ck framework,110
gartner siem quadrant,90
mdr gartner quadrant,70
managed identity threat detection and response,70
gartner mdr quadrant,70
mdr buyers guide,40
exposure assessment platforms,30
open source threat intelligence feed,30
internet dark,40500
penetration testing,27100
fedramp,18100
zero trust,9900
soc 2 compliance,8100
exploits,8100
intrusion prevention system,8100
red teaming,6600
zero trust architecture,6600
fisma,6600
cyber security services,6600
vulnerability definition,6600
what is a phishing attack,6600
it asset management,6600
open source intel,5400
zero trust security,5400
scap,5400
principle of least privilege,5400
cross site scripting,4400
seim,4400
what is ci/cd,4400
attribute based access control,4400
what is zero trust security,4400
sdlc meaning,3600
third party risk management,3600
cwpp,3600
ransomware protection,3600
data encryption,2900
managed it security services,2900
human in the loop,2900
soc report,2900
what is penetration testing,2900
exploit db,2400
what is zero trust,2400
what is osint,2400
patch tuesday,2400
aws security,2400
siem meaning,2400
operational technology,2400
malvertising,1900
pen testing services,1900
phishing attacks,1900
life cycle development definition,1600
web application security testing,1600
what is data integrity,1600
mssp meaning,1600
managed soc,1600
whaling attack,1300
zero trust model,1300
what is a cve,1300
cyber intelligence,1300
what is ndr,1300
aws security best practices,1300
ransomware prevention,1300
fisma compliance,1300
least privilege access,1300
managed soc services,1300
nist frameworks,1000
advanced threat detection,1000
sdlc definition,1000
soar tools,1000
penetration testing company,1000
waf web application firewall,1000
what is pentesting,1000
what is a waf,1000
iocs,1000
what is asm,1000
security vulnerability assessment,880
identity threat detection and response,880
siem security tool,880
sql injections,880
sql injection meaning,880
siem security tools,880
vulnerability management program,880
external attack surface management,880
siem products,880
exposure management,880
security incident and event management system,880
spoofing attack,880
open source intelligence framework,880
ioc cybersecurity,880
soar platform,880
security vulnerability,880
vulnerability management solutions,880
devsecops definition,880
container security tools,880
cloud workload protection,880
arbitrary code execution,880
vulnerability scanner tools,880
what is network segmentation,880
cloud detection and response,880
vulnerability remediation,880
what is threat intelligence,880
cloud security monitoring,880
vulnerability manager,880
devsecops best practices,880
what is cspm,880
vulnerabilty scanner,880
cloud native application protection platform,880
network vulnerability scanner,720
threat intelligence solutions,720
cyber threat intelligence platform,720
cis framework,720
ngav,720
what is spoofing in cyber security,720
what is soar in cyber security,720
identity and access management tools,720
identity and access management system,720
sql vulnerability,720
infrastructure as a code,720
mdr service,720
infrastructure as code tools,720
siem definition,720
security vulnerabilities,720
caasm,720
what is attack surface management,720
lateral movement meaning,720
dast scanning,720
cloud workload protection platform,720
application security software,720
cloud vulnerability management,720
xdr vs siem,720
vulnerability prioritization,720
dast scan,720
cloud security risks,720
vulnerability mitigation,720
managed it security,720
zero trust network architecture,720
vulnerability management services,720
risk based vulnerability management,720
socaas,720
user and entity behavior analytics,720
security incident and event management,720
cnapp meaning,720
vulnerability scanning tool,720
xdr solutions,720
managed threat detection and response,590
what is ioc,590
managed detection and response providers,590
siem as a service,590
what is identity and access management,590
siem tooling,590
cloud security providers,590
siem soar,590
machine learning in cybersecurity,590
managed security solutions,590
what is dark web monitoring,590
container security solutions,590
what is api security,590
siem platform,590
casb solution,590
cloud infrastructure entitlement management,590
continuous vulnerability management,590
brute force attack meaning,590
what is intrusion detection,590
what is a vulnerability,590
managed security providers,590
seim tool,590
google cloud security,590
vulnerability assessments,590
security orchestration,590
attack surface management tools,590
network traffic monitoring,590
security managed,590
penetration tests,590
penetration testing tool,590
endpoint detection,590
cyber threat intelligence services,590
dark web monitoring service,590
security event management,590
what is ueba,590
what is vulnerability assessment,590
attack surface analysis,590
pam privileged access management,590
security penetration testing,590
security siem,590
what is seim,590
seim tools,590
soar solutions,590
vulnerability management best practices,590
dlp data loss,590
dynamic application security testing tools,590
iac security,590
asset discovery,480
siem vendors,480
managed threat detection,480
cloud migration security,480
soar platforms,480
privilege access management,480
pci dss compliance requirements,480
security event information management system,480
managed siem services,480
advanced persistent threat attacks,480
what is identity and access management iam,480
best siem tools,480
siem services,480
cloud based siem,480
ndr solutions,480
mdr security services,480
siem cybersecurity,480
ndr security,480
what is operational technology,480
mdr tools,480
mitm attacks,480
siem acronym,480
multi factor authentication definition,480
siem monitoring,480
patch management program,480
managed threat hunting,480
what is managed detection and response,480
attack surface monitoring,480
what is mdr in cyber security,480
next generation antivirus,480
what is mitm,480
managed detection response,480
ueba security,480
threat intel platform,480
spear phishing examples,480
machine learning and cyber security,480
cnapp security,480
kspm,480
what is cloud security posture management,480
solution siem,480
what is ctem,480
software development life cycle sdlc,480
ueba tools,480
what is ciem,480
soc service,480
vulnerability assessment solutions,480
vulnerability management tool,480
what is an exploit,480
managed detection and response mdr,480
sql injection examples,480
enterprise vulnerability management,480
threat intel,480
it asset discovery tools,480
what is a threat actor,390
dark web protection,390
internet of things for security,390
penetration testing meaning,390
arbitrary remote code execution,390
what is a threat model,390
network vulnerability management,390
what is siem technology,390
what are advanced persistent threats,390
iac scanning,390
azure cloud security,390
top siem tools,390
threat detection software,390
threat exposure management,390
what is xdr in cyber security,390
mdr vs siem,390
identity and access management platform,390
best siem,390
cybersecurity risk management framework,390
patch management solution,390
xdr cyber security,390
gcp security,390
mdr cyber security,390
what is an attack surface,390
security operations center as a service,390
machine learning for cyber security,390
ai siem,390
zero day attack prevention,390
vulnerability management plan,390
digital threat intelligence,390
vulnerability management platform,390
cloud security posture management cspm,390
cloud native application security,390
cloud native security platform,390
cloud security definition,390
next gen antivirus,390
mdr managed detection and response,390
managed siem providers,390
cyber security orchestration,390
siem stands for,390
ciem security,390
siem server,390
what is lateral movement,390
application security monitoring,390
vulnerability risk management,390
lateral movement cyber security,390
cnapp vendors,390
attack surface management platform,390
cnapp tools,390
siem logs,390
cyber security penetration testing,390
open xdr,320
cybersecurity and risk management,320
next gen siem,320
security information management,320
security information and event manager,320
security intelligence platform,320
what is exposure management,320
attack surface discovery,320
risk management cybersecurity,320
digital risk protection services,320
sast and dast tools,320
advanced threat prevention,320
dlp data loss protection,320
vulnerability examples,320
privileged access management pam solutions,320
security automation and orchestration,320
dast tool,320
application security solutions,320
xdr software,320
user behavior analytics tools,320
patch management process,320
types of threat intelligence,320
types of cyber attack,320
what is web application firewall,320
what are vulnerabilities,320
cyber risk management platform,320
what is remote code execution,320
siem vs mdr,320
managed services security,320
siem alerts,320
mdr vs soc,320
managed soc as a service,320
log management system,320
cnapp solutions,320
web application scanner,320
mdr service providers,320
what is a threat intelligence platform,320
siem events,320
siem technology,320
mdr pricing,320
mdr platform,320
managed vulnerability scanning,320
siem meaning cybersecurity,320
what is an mdr,320
what is cloud access security broker,320
cloud workload,320
what is data leakage protection,320
managed detection and response vendors,320
what is dynamic application security testing,320
network telemetry,320
attack surface management vendors,320
threat intelligence management,320
attack surface mapping,320
managed detection and response solutions,320
what are siem tools,320
backdoor attack,320
iam technology,320
iam platform,320
continuous attack surface management,320
managed security operations center,320
what is identity access management,260
siem vs log management,260
vulnerability management solution,260
siem vs soc,260
vulnerability patching,260
xdr tools,260
siem providers,260
security threat modeling,260
security information and event management siem tools,260
what is soc as a service,260
security information event management,260
what is shift left security,260
security mdr,260
security log management,260
shadow it examples,260
siem management services,260
siem in cyber security,260
siem benefits,260
shared responsibility model for cloud security,260
sql injector,260
siem architecture,260
supply chain attack examples,260
risk management cyber security,260
digital risk protection solutions,260
attack surface management vs vulnerability management,260
network traffic analyzer,260
cyber exposure management,260
attack path analysis,260
attack surface cyber security,260
attack surface management solutions,260
ctem cybersecurity,260
cyber asset attack surface management,260
dlp data leak prevention,260
container security tool,260
cloud security basics,260
managed vulnerability management,260
managed threat intelligence,260
mdr provider,260
remote code execution vulnerability,260
application vulnerability management,260
identity threat protection,260
cloud workload protection platforms,260
cloud-native application protection platform,260
reducing attack surface,260
itdr security,260
red team pen testing,260
managed siem solutions,260
cyber attack surface management,210
what is a mssp,210
what is cloud compliance,210
cloud shared responsibility model,210
siem implementation,210
siem managed service,210
mdr in cyber security,210
threat intelligence feed,210
managing cyber risk,210
mdr benefits,210
managed patch management,210
vulnerability assessment solution,210
vulnerability management framework,210
kubernetes and security,210
kerberoasting attack,210
vuln management tools,210
top siem solutions,210
external attack surface management definition,210
what does siem stand for in cyber security,210
managed detection response services,210
what are backdoors,210
cyber security vulnerability,210
soar automation,210
soar in cyber security,210
managed detection and response solution,210
vulnerability management prioritization,210
soar tool,210
managed detection and response service,210
vulnerability monitoring,210
digital risk monitoring,210
digital risk protection platform,210
siem cyber,210
siem cloud,210
xdr definition,210
xdr cybersecurity,210
security event and information management,210
ndr solution,210
what is security information and event management,210
aws cloud security best practices,210
what is siem tool,210
attack surface risk management,210
network threat detection,210
security information and event management siem solutions,210
attack surface management services,210
what is threat detection,210
security information event management siem platforms,210
what is threat detection and response,210
risk management in information technology security,210
cloud native application protection platforms,210
cloud attack surface management,210
risk management and cyber security,210
casb cloud security,210
mdr technology,210
vulnerability remediation process,170
risk management in cybersecurity,170
osint def,170
soar vendors,170
dark web intelligence,170
threat intelligence solution,170
cybersecurity risk assessment tool,170
cybersecurity mdr,170
detecting cyber threats,170
itdr solutions,170
reduce attack surface,170
kerberoasting detection,170
xdr security solutions,170
software vulnerability management,170
threat actor definition,170
digital threat protection,170
what is zta,170
vulnerability management procedure,170
cloud risk management,170
siem managed services,170
cwpp vs cspm,170
ctem vendors,170
siem in security,170
what is a siem tool,170
mdr as a service,170
security vulnerability management solutions,170
security xdr,170
siem security products,170
siem log,170
what is cwpp,170
caasm security,170
what is api security testing,170
mdr it,170
caasm vendors,170
siem managed service providers,170
siem means,170
what is cis in cyber security,170
what is risk management in cyber security,170
siem service,170
managed services for detection and response,170
next gen av,170
cyber security risk assessment software,170
siem dashboard,170
cyber security detection and response,170
attack surface vs attack vector,170
web application security solutions,170
cloud siem security,170
managed threat response,170
siem full form,170
siem applications,170
what is digital risk protection,170
ciem vendors,140
adversarial artificial intelligence,140
external pen testing,140
external attack surface monitoring,140
cspm cloud,140
ciem solutions,140
cyber siem,140
attack surface management companies,140
attack surface management software,140
what is the attack surface of social engineering,140
what is user behavior analytics,140
attack surface management tool,140
cyber security assessment tool,140
what does xdr stand for,140
what is vulnerability management system,140
what is siem and how it works,140
easm security,140
digital risk protection program,140
what is zero trust model,140
vulnerability management platforms,140
continuous attack surface testing,140
what is caasm,140
siem product,140
mdr vendor,140
managed security as a service,140
next generation antivirus solution,140
remote code execution exploit,140
siem companies,140
monitoring network traffic,140
soar security tools,140
siem features,140
security vulnerability management,140
siem or seim,140
managed threat detection and response services,140
pen test tool,140
siem technologies,140
runtime application security protection,140
mssp siem,140
managed detection and response companies,140
threat detection cyber security,140
threat intel platforms,140
kubernetes security solutions,140
managed detection,140
siem tools meaning,140
siem ai,140
siem threat intelligence,140
siem and log management,110
vulnerability management systems,110
xdr tool,110
what is easm,110
vulnerability management vendors,110
siem as a managed service,110
managed detection and response pricing,110
managed xdr service,110
siem security vendors,110
managed vulnerability services,110
cyber risk assessment tools,110
cspm cloud security,110
siem tool meaning,110
what are it vulnerabilities and threats,110
what is an siem,110
web application vulnerability assessment,110
siem network,110
mdr for microsoft,110
cybersecurity asset management platform,110
managed detection services,110
cybersecurity siem,110
what is cloud workload protection,110
managed detection and response tools,110
co-managed siem,110
digital risk protection software,110
soc vs mdr,110
threat actors cyber security,110
threat detection and incident response,110
vuln management,110
asset discovery tool,110
backdoor in cyber security,110
ueba meaning,110
exposure management cybersecurity,110
security information event management siem tools,110
network traffic monitors,110
tip threat intelligence platform,110
advanced threat management,110
how to prevent man in the middle attack,110
seim or siem,110
threat hunting as a service,110
flexible mdr solutions with custom integrations,110
ai vulnerability management,110
xdr cyber,110
digital risk protection strategy,110
gdpr security controls,110
vulnerability management companies,110
shared security responsibility model,110
what is network telemetry,110
edr agent,110
easm tools,110
internal attack surface management,110
attack surface assessment,90
mdr security systems,90
cloud vulnerability scanner,90
container security monitoring,90
cwpp security,90
top vulnerability management tools,90
managed detection and response software,90
kubernetes security tool,90
incident response as a service,90
threat actors cyber,90
endpoint detection tools,90
cyber risk assessment tool,90
behavioral analytics security,70
ai security compliance,70
enterprise vulnerability assessment,70
vulnerability prioritization tools,70
managed xdr for saas,70
siem demo,70
top attack surface management vendors,50
how to prevent security misconfiguration,50
security operations center companies,50
cyber risk assessment software,50
microsoft mdr service,50
xdr security meaning,40
data loss prevention framework,40
mdr information security,40
tools for vulnerability assessment,30
exposure assessment platform,30
edr product,30
rasp,27100
open source intelligence,9900
cmmc compliance,9900
casb,8100
botnet,6600
intrusion detection system,5400
hitl,5400
data integrity,5400
penetration testing services,3600
spear phishing meaning,3600
nist framework,2900
sandboxing,2400
web application security,2400
cves,2400
advanced threat protection,1900
what is data encryption,1900
iam identity access management,1900
network penetration testing,1900
continuous integration means,1900
malware attack,1600
soc reports,1600
what is waf,1600
rasp tools,1300
what is network security,1300
osint open source intelligence,1300
dark net,1300
nist framework cybersecurity,1300
fedramp compliance,1300
mxdr,1300
what is malvertising,1300
security orchestration automation and response,1000
types of phishing attacks,1000
application security services,1000
penetration testing companies,1000
penetration testing as a service,1000
network scanning tools,1000
security risk management,1000
vulnerability management as a service,880
siem integration,880
risk intelligence,880
identity management access,880
iac meaning,880
vulnerability assessment services,880
intrusion detection and prevention systems,880
zero trust security solutions,880
application security assessment,880
web application firewalls,880
ai risk management framework,880
what is a soc report,880
identity management system,720
web app firewall,720
threat modelling,720
cloud access security broker casb,720
network security monitoring tools,720
what is a ransomware attack,720
breach and attack simulation,720
information security risk assessment,720
what is mssp,720
denial of service attacks,720
dark web monitoring tools,720
what is a red team,590
botnet meaning,590
what is itam,590
it asset inventory,590
cloud iam,590
cd/ci,590
network and cloud security,590
what is software development life cycle,590
external penetration testing,590
pci compliance services,590
risk management platform,590
microsoft mdr,480
network scanner tool,480
what is third party risk management,480
what is tprm,480
managed security provider,480
malvertising meaning,480
exploit database,480
least privileged access,480
explain data integrity,480
it security risk management,480
web app security,480
threat modeling process,480
what is data masking,480
vulnerability assessment report,390
what is abac,390
infrastructure as code iac,390
mdr vendors,390
automated patch management,390
network detection and response solutions,390
what is a casb,390
threat vs vulnerability,390
monitor network traffic,390
network traffic analysis tools,390
red team meaning,390
scap scan,390
red team testing,390
fedramp levels,390
managed extended detection and response,390
risk remediation,390
fedramp meaning,390
what is an mssp,390
software penetration testing,390
external network penetration testing,320
threat models,320
operations technology,320
runtime application self-protection,320
rasp security,320
vulnerability assessment tool,320
pam cybersecurity,320
breach attack simulation,320
casb vendors,320
whale phishing,320
threat intelligence companies,320
iam management,320
siem vs xdr,320
siem/soc,260
soar security orchestration automation and response,260
soc managed services,260
threat vulnerability assessment,260
security threats and vulnerabilities,260
web application vulnerabilities,260
threat intelligence report,260
backdoor malware,260
mdr definition,260
managed soc service,260
pci compliance test,260
cspm vendors,260
cybersecurity regulatory compliance,260
cybersecurity assessment tool,260
best siem solutions,260
log management solutions,260
drp cyber security,260
network analyzer tools,260
how ransomware works,260
network analysis tool,260
cyber risk services,260
red team penetration testing,260
risk intelligence platform,210
siem pricing,210
siem security definition,210
mdr companies,210
mdr company,210
vulnerability management automation,210
intrusion detection and prevention system,210
tprm program,210
external pen test,210
web application security assessment,210
define asm,210
xdr in cyber security,210
red team as a service,210
rbac model,210
patch management as a service,210
what is mxdr,210
cloud access security broker solutions,210
soc as a service pricing,170
dark web monitor,170
soar products,170
kerberosting,170
artificial intelligence regulatory compliance,170
vmaas,170
identity management as a service,170
risk intelligence software,170
eap cybersecurity,170
bas tools,170
multi factor authentication security,170
compliance for cyber security,170
cloud security fundamentals,170
what are cyber physical systems,170
vulnerability assessment companies,140
user behavior analysis,140
what does osint mean,140
what is advanced threat protection,140
breach and attack simulation tools,140
breach response services,140
cybersecurity compliance framework,140
security orchestration automation response,140
soc as a service provider,140
mxdr solution,140
soar security meaning,140
soc and siem,140
idps security,140
model context protocol security,140
mxdr meaning,140
siem consulting,110
cyber risk assessment companies,110
cyber security assessment companies,110
what is an it asset,110
what is an ot network,110
cyber security xdr,110
what is cira,110
mdr for ot security,110
waf as a service,110
unified threat management appliance,110
wormgpt darknet,110
lotl attacks,110
drp security,110
breach simulation,110
siem security services,90
ctem security,90
mdr analyst,90
open xdr platform,90
prevent mitm attack,90
ctem framework,90
xdr products,90
what is attack surface reduction,90
cloud attack surface,90
xdr as a service,90
what is identity threat detection and response,90
what is iac security,90
what is mdr security,90
shift left security best practices,90
caasm tools,90
cloud risk,90
what is ngav,90
what is open xdr,90
saas siem,90
best vulnerability management software,90
best exposure management platforms,90
what is cloud detection and response,90
security orchestration and automation,90
attack surface monitoring tools,90
network vulnerability scanners,90
xdr services,90
siem ueba,90
cyber security mdr,90
application patch management,90
exposure management vs vulnerability management,90
siem what is,90
kubernetes security platform,90
exposure management platform,90
vulnerability tools,90
application attack surface,90
cybersecurity soar,90
least privilege access principle,90
managed threat detection service,90
difference between mdr and xdr,90
managed threat detection services,90
what does siem,90
risk management in network security,90
external threat intelligence,90
vulnerability mitigation strategies,70
managed detection and response definition,70
attack surface tools,70
cloud misconfigurations,70
monitoring dark web,70
asm tools,70
security operations as a service,70
what is it asset discovery,70
cloud investigation and response automation,70
cloud runtime security,70
casb data loss prevention,70
vulnerability assessment program,70
agentless asset discovery,70
enterprise attack surface management,70
indicators of compromise definition,70
shadow it assets,70
endpoint agent,70
what is next gen antivirus,70
iocs in cyber security,70
managed threat detection and response solutions,70
asm tool,70
security information & event management,70
vulnerability tracking software,70
asm cyber security,70
cyber threat exposure management,70
attack surface cybersecurity,70
external attack surface management tools,70
mdr cyber security services,70
common vulnerabilities and exposures cve,70
runtime threat detection,70
siem security information event management,70
attack path mapping,70
threat hunting mdr,70
ctem performance tracking metrics,70
ctem platform,70
attack path,70
ctem tools,70
top mdr vendors,70
compare siem products,70
open xdr vs native xdr,70
attack surface management program,70
next-generation antivirus,70
what is continuous threat exposure management,70
mdr security companies,70
cloud security risk management,70
mdr remediation,70
dast solution,70
mdr monitoring,70
mdr it solutions,70
mdr security meaning,70
tip platform,50
trusted mdr vendor recommendations for socs,50
exposure management solutions,50
threat model examples,50
external attack surface management vendors,50
attack surface management leaders,50
exposure management software,50
mcp security best practices,50
managed application security,50
enterprise risk-based vulnerability management,50
asm attack surface management,50
mdr products,50
mdr partners,50
managed response,50
cyber security risk assessment tool,50
xdr service,50
ctem program,50
managed threat services,50
cloud risk management framework,50
vulnerability prioritization technology,50
risk management it security,50
cloud native runtime security,50
cloud container security platform,50
vulnerability management solution companies,50
easm solution,50
what is kspm,50
asm vs caasm,40
24/7 managed detection and incident response vendors,40
xdr-as-a-service,40
remediate risks,40
red teaming as a service,40
cyber risk reduction,40
managed soar,40
managed extended detection response,40
managed detection and response mdr solutions,40
vulnerability remediation prioritization,40
managed detection & response service,40
vulnerability management solutions companies,40
managed detection & response guide,40
dlp data loss prevention solutions,40
identity threat detection and response tools,40
enterprise mdr,40
identity threat detection and remediation,40
top vulnerability management solutions,40
how does managed detection and response work,40
threat exposure management platform,40
managed threat detection response,40
casm security,40
cloud and regulatory compliance,40
cloud misconfiguration breaches,40
mdr protection,40
continuous threat exposure management vendors,40
mdr comparison,40
what is mdr cyber security,40
exposure management tools,30
attack surface security,30
vulnerability assessments tools,30
ai for vulnerability management,30
ctem continuous threat exposure management,30
manage cyber attack surface,30
cloud misconfiguration examples,30
threat intelligence feed providers,30
continuous threat and exposure management,30
ci/cd,14800
cmmc compliance software,320
drp solutions,320
mvm management,140
soar services,140
idps,5400
wormgpt,3600
network scanner,2900
network access control,2900
data masking,2400
it risk management,2400
patch management software,1900
worm gpt,1600
nac network,1300
dos attacks,1300
what is infrastructure as code,1000
network traffic analysis,1000
what is drp,1000
network access control solutions,1000
managed xdr,880
aws security services,880
network traffic,720
mdr providers,720
what is it asset management,720
pentesting tools,720
what is rasp,720
lotl,590
information security risk management,590
attack surface reduction,590
arbitrary code,590
what is sandboxing,590
3rd party risk management,590
backdoor access,590
application programming interface security,480
patch management tools,480
nerc cip compliance,480
what is patching,480
hitl meaning,480
deception technology,480
what is a sandbox in cybersecurity,480
devsecops as a service,480
intrusion detection system intrusion prevention system,480
whaling cyber security,480
vulnerability management policy,480
it asset,480
cyber threat intelligence feeds,390
what does mdr mean,390
patch management solutions,390
what is idps,390
pentest as a service,390
threat modeling frameworks,320
security and risk management,320
patch management best practices,320
network vulnerabilities,320
information security and risk management,320
living off the land attack,320
intrusion detection prevention,320
what is fedramp compliance,320
soc reporting meaning,320
soc as a service providers,260
web security vulnerabilities,260
what is a malware attack,260
atp cyber security,260
botnet examples,260
malicious ads meaning,210
what is network detection and response,210
network security controls,210
risk and security management,210
data leakage meaning,170
sandboxing in cyber security,170
information security risk,170
information risk management,170
rbac cyber security,170
penetration testing vendors,170
service organization control,170
what is sandboxing in cyber security,170
what is hitl,170
what is a cyber physical system,140
asset it management,140
continuous automated red teaming,140
24 7 threat monitoring,140
rasp vs waf,140
data masking examples,110
data encryption meaning,110
managed security companies,110
network patching,110
automated patch management tools,110
how do you ensure data integrity,110
mdr cost,90
attack simulation,90
what is managed xdr,90
what is the data encryption standard,90
mxdr security,90
backdoor cyber security,90
uba cyber security,90
machine learning for security,90
zero trust as a service,90
managed xdr services,90
risk management in information security,90
red team vs penetration testing,70
security patching,70
analyst-backed mdr vendor recommendations,70
eap security,70
what is ndr in cyber security,70
web application security services,70
what is drps,70
ddos vs dos attacks,70
how rbac solutions integrate with iam,50
command trial,50
what is cloud computing cyber security fundamentals,50
what is a backdoor attack,50
data masking cyber security,50
proven mdr provider with threat intel integration,50
what is red team testing,50
24/7 cybersecurity monitoring with human analysts providers,40
asm products,40
wormgpt malware,40
proven mdr solutions for fast roi,40
breach & attack simulation,40
security incident & event management,30
20 critical security controls,30
abac definition,30
ai-driven vulnerability management platform,0
api testing,4400
api testing tools,1900
asm platform,20
attack surface asset management,30
attack surface discovery platform,10
best ctem solutions,10
breach and attack simulation platform,30
breach attack simulation tools,20
caasm cybersecurity,20
casm cyber security,20
cira security,20
cloud infrastructure management,1000
cloud migration,5400
cloud migration tools,1000
cloud risk framework,20
co-managed siem services,10
compare siem providers,0
continuous exposure management,20
continuous threat exposure assessment,10
continuous threat exposure management ctem,30
cps threat detection,30
ctem security platform,20
cyber asset management platform,20
cyber risk assessment platform,30
cyber risk exposure monitoring,10
cybersecurity exposure management,30
data security,9900
denial of service and distributed denial of service attacks,2400
digital attack surface protection,10
drp meaning,2400
eap network security,20
eap security meaning,20
exposure risk scoring,20
external attack surface security,10
full-service mdr providers with 24/7 monitoring,30
honeypot as a service,20
hybrid risk management,20
iam infrastructure,20
infrastructure as code,6600
itam software,1300
living off the land attack examples,30
lpa,18100
lpa meaning,1600
managed cyber risk reduction,20
managed drp,0
managed security services mdr,0
managed threat protection,30
managed vulnerability management services,40
managed xdr providers,30
managed xdr security,20
mdr detection lifecycle,0
mdr for enterprise,0
mdr meaning security,20
mdr roi,30
mdr soc model,0
mtdr,1000
mvm security,40
mxdr providers,20
mxdr service,30
mxdr solutions,30
mxdr vendor,10
network exposure assessment,10
new york department of financial services,1600
next gen xdr,20
ngav meaning,20
ngav vendors,30
nta,9900
nta meaning,5400
nydfs,4400
open inteligence,0
pentest tools,1900
pentesting,5400
red team testing services,20
risk assessment tools in cyber security,20
risk based vulnerability management tool,20
risk management as a service,40
rtaas,30
scap compliance,20
security vulnerability assessment tools,20
threat detection management,20
top easm solutions,0
vulnerability assessment platform,40
vulnerability management examples,30
vulnerability management in software,10
vulnerability.management,0
what attribute based access control,0
what is cloud runtime security,0
what is kerberosting,0
what is lpa,1300
what is mdr cybersecurity,10
what is risk remediation,20
xdr company,10
xdr provider,20
xdr security services,30
xdr security solution,10
xdr vendor,20
soc report meaning,880
nac solution,880
it asset mgmt,720
soc reporting,590
patch management policy,590
nac networking,590
network access control nac,480
what is nist cybersecurity framework,480
idps meaning,480
nac solutions,390
nac cyber security,390
third party cyber risk management,390
soc controls,390
what is network access control,390
nys department of financial services cybersecurity regulation,320
wormgpt what is wormgpt,320
cybersecurity compliance standards,320
what is a dictionary attack,260
network access controls,260
dictionary attacks,260
it and risk management,260
malware and ransomware,210
nac network access,210
nac security,210
what is wormgpt,210
regulatory framework,210
advanced threat protection solutions,140
network security analysis,140
nac cybersecurity,140
nac network access control,140
third party risk management best practices,140
what is human in the loop,110
bas cybersecurity,110
ot software,110
gdpr data masking,110
spoofing detection,110
what is an idps,90
iam as a service,90
lotl meaning,90
deep learning security,70
security & risk management,70
automated breach and attack simulation,70
network access control definition,70
what is rbac in cyber security,70
deep learning in security,70
what is whale phishing,70
identity and access management as a service,70
dark web guide,70
24/7 cybersecurity monitoring,50
what is eap in cyber security,50
data masking benefits,50
continuous red teaming,50
runtime in cloud computing,50
malware cyber attack,50
machine learning threat intelligence,50
asm software,40
what is an ot environment,40
drp cybersecurity,40
ndr products,30
deep learning cybersecurity,30
24/7 managed it services,170
automated red teaming,140
benefits of continuous integration,390
benefits of it asset management,210
botnet attack,720
cira meaning,210
continuous integration and continuous delivery,590
continuous integration continuous delivery,390
denial of service attack today,210
drps,480
eap cyber security,140
exposure assessment,170
information technology risk management,320
infrastructure as code benefits,140
it asset management process,260
itam meaning,210
itams,880
managed it security services providers,880
managed soc pricing,170
managed soc providers,480
network access control system,260
network security meaning,140
pci compliance solutions,720
prevention of ddos,880
server patching,210
soc 2 compliance software,480
third party compliance,170
what does mfa mean,480
why is zero trust important,140
network access controller,90
malware attack definition,90
idps systems,90
what is network traffic analysis,70
cyber regulations new york,70
types of data masking,50
what is worm gpt,50
third party cyber security risk management,50
cloud identity access management,90
cyber physical systems security,90
drp solution,70
it asset management framework,70
network security perimeter,90
third party cyber risk assessment,90
