Keyword,Volume,Topic,Pillar,Page,Page intent,Keyword intent,Intent source
compare the market car insurance,87000,Insurance Comparisons,Car Insurance Comparison,compare the market car insurance,Navigational,Navigational,serp
third party insurance,5100,Insurance Types,Third Party Insurance Guide,third party insurance,Informational,Mixed,serp
what does third party insurance cover,4500,Insurance Types,Third Party Insurance Guide,third party insurance,Informational,Informational,serp
windscreen cover,3200,Insurance Types,Windscreen Insurance Coverage,windscreen cover,Mixed,Mixed,serp
comprehensive car insurance,3000,Insurance Types,Comprehensive Car Insurance,comprehensive car insurance,Informational,Mixed,serp
car insurance for young drivers,2600,Insurance Comparisons,Car Insurance Comparison,car insurance for young drivers,Commercial,Commercial,serp
comprehensive insurance,2500,Insurance Types,Comprehensive Car Insurance,comprehensive car insurance,Informational,Mixed,serp
what is third party insurance,2300,Insurance Types,Third Party Insurance Guide,third party insurance,Informational,Informational,serp
fully comprehensive car insurance,1900,Insurance Types,Comprehensive Car Insurance,fully comprehensive car insurance,Informational,Mixed,serp
compare the meerkat car insurance,1900,Insurance Comparisons,Car Insurance Comparison,compare the market car insurance,Navigational,Commercial,serp
compare the market car insurance quote,1900,Insurance Comparisons,Car Insurance Comparison,compare the market car insurance,Navigational,Navigational,serp
car windscreen cover,1900,Insurance Types,Windscreen Insurance Coverage,windscreen cover,Mixed,Mixed,serp
third party car insurance,1900,Insurance Types,Third Party Insurance Guide,third party car insurance,Mixed,Mixed,serp
what is comprehensive insurance,1800,Insurance Types,Comprehensive Car Insurance,comprehensive car insurance,Informational,Informational,serp
what does comprehensive insurance cover,1500,Insurance Types,Comprehensive Car Insurance,comprehensive car insurance,Informational,Informational,serp
what's covered by third party insurance,1500,Insurance Types,Third Party Insurance Guide,third party insurance,Informational,Informational,serp
personal accident cover,1400,Personal Coverage,Personal Accident Insurance,personal accident cover,Mixed,Mixed,serp
third party insurance meaning,1400,Insurance Types,Third Party Insurance Guide,third party insurance,Informational,Informational,serp
comprehensive insurance meaning,1400,Insurance Types,Comprehensive Car Insurance,comprehensive car insurance,Informational,Informational,serp
3rd party insurance,1300,Insurance Types,Third Party Insurance Guide,third party insurance,Informational,Informational,serp
uninsured driver promise,1100,Insurance Types,Uninsured Driver Coverage,uninsured driver promise,Informational,Informational,serp
compare the market car insurance uk,1000,Insurance Comparisons,Car Insurance Comparison,compare the market car insurance,Navigational,Navigational,serp
courtesy car insurance,1000,Insurance Types,Courtesy Car Insurance,courtesy car insurance,Informational,Mixed,serp
what is personal accident cover,1000,Personal Coverage,Personal Accident Insurance,what is personal accident cover,Informational,Informational,serp
what is comprehensive car insurance,1000,Insurance Types,Comprehensive Car Insurance,comprehensive car insurance,Informational,Informational,serp
what does 3rd party insurance cover,1000,Insurance Types,Third Party Insurance Guide,third party insurance,Informational,Informational,serp
3rd party car insurance,900,Insurance Types,Third Party Insurance Guide,third party car insurance,Mixed,Mixed,serp
fully comprehensive car insurance meaning,900,Insurance Types,Comprehensive Car Insurance,fully comprehensive car insurance,Informational,Informational,serp
what does comprehensive mean,900,Insurance Types,Comprehensive Car Insurance,what does comprehensive mean,Informational,Informational,serp
if your fully comprehensive can you drive any car,800,Insurance Types,Comprehensive Car Insurance,if your fully comprehensive can you drive any car,Informational,Informational,serp
if i have fully comprehensive car insurance can i drive any car,800,Insurance Types,Comprehensive Car Insurance,if your fully comprehensive can you drive any car,Informational,Informational,serp
third party insurance covers,800,Insurance Types,Third Party Insurance Guide,third party insurance,Informational,Informational,serp
windscreen cover insurance,800,Insurance Types,Windscreen Insurance Coverage,windscreen cover insurance,Mixed,Informational,serp
legal cover car insurance,700,Legal Matters,Legal Cover Insurance,legal cover car insurance,Informational,Informational,serp
compare the market for car insurance,700,Insurance Comparisons,Car Insurance Comparison,compare the market car insurance,Navigational,Navigational,serp
third party fire and theft car insurance,700,Insurance Types,Third Party Insurance Guide,third party fire and theft car insurance,Informational,Mixed,serp
third party liability insurance,700,Insurance Types,Third Party Insurance Guide,third party liability insurance,Informational,Informational,serp
car insurance online quote,700,Insurance Comparisons,Car Insurance Comparison,car insurance online quote,Commercial,Commercial,serp
comprehensive car insurance meaning,700,Insurance Types,Comprehensive Car Insurance,comprehensive car insurance,Informational,Informational,serp
comprehensive car insurance quote,600,Insurance Types,Comprehensive Car Insurance,comprehensive car insurance,Informational,Commercial,serp
www.comparethemarket.com car insurance,600,Insurance Comparisons,Car Insurance Comparison,compare the market car insurance,Navigational,Navigational,serp
difference between comprehensive and third party insurance,600,Insurance Types,Third Party Insurance Guide,difference between comprehensive and third party insurance,Informational,Informational,serp
fully comp insurance,600,Insurance Types,Comprehensive Car Insurance,fully comp insurance,Mixed,Commercial,serp
windscreen insurance,600,Insurance Types,Windscreen Insurance Coverage,windscreen cover insurance,Mixed,Mixed,serp
fully comprehensive insurance,600,Insurance Types,Comprehensive Car Insurance,fully comprehensive car insurance,Informational,Informational,serp
what is 3rd party insurance,600,Insurance Types,Third Party Insurance Guide,third party insurance,Informational,Informational,serp
compare comprehensive car insurance,500,Insurance Types,Comprehensive Car Insurance,compare comprehensive car insurance,Commercial,Commercial,serp
compare third party car insurance,500,Insurance Types,Third Party Insurance Guide,third party car insurance,Mixed,Commercial,serp
comprehensive cover,500,Insurance Types,Comprehensive Car Insurance,comprehensive car insurance,Informational,Informational,serp
car key insurance,500,Insurance Comparisons,Car Key Insurance,car key insurance,Mixed,Commercial,serp
what is uninsured driver promise,450,Insurance Types,Uninsured Driver Coverage,uninsured driver promise,Informational,Informational,serp
what is fully comprehensive insurance,450,Insurance Types,Comprehensive Car Insurance,fully comprehensive car insurance,Informational,Informational,serp
fully comprehensive,450,Insurance Types,Comprehensive Car Insurance,what does comprehensive mean,Informational,Informational,serp
curtesy car,450,Insurance Types,Courtesy Car Insurance,curtesy car,Informational,Informational,serp
what is third party car insurance,450,Insurance Types,Third Party Insurance Guide,third party insurance,Informational,Mixed,serp
third party cover,450,Insurance Types,Third Party Insurance Guide,third party insurance,Informational,Mixed,serp
comparethemarket.com car insurance,450,Insurance Comparisons,Car Insurance Comparison,compare the market car insurance,Navigational,Navigational,serp
what is legal cover on car insurance,450,Legal Matters,Legal Cover Insurance,legal cover car insurance,Informational,Informational,serp
comprehensive vehicle insurance,450,Insurance Types,Comprehensive Car Insurance,comprehensive car insurance,Informational,Mixed,serp
what is covered by third party insurance,450,Insurance Types,Third Party Insurance Guide,third party insurance,Informational,Informational,serp
what does comprehensive car insurance cover,450,Insurance Types,Comprehensive Car Insurance,comprehensive car insurance,Informational,Informational,serp
what does fully comprehensive car insurance cover,400,Insurance Types,Comprehensive Car Insurance,fully comprehensive car insurance,Informational,Informational,serp
car insurance legal cover,400,Legal Matters,Legal Cover Insurance,legal cover car insurance,Informational,Informational,serp
comprehensive auto insurance,400,Insurance Types,Comprehensive Car Insurance,comprehensive car insurance,Informational,Mixed,serp
comprehensive car insurance quotes,400,Insurance Types,Comprehensive Car Insurance,comprehensive car insurance,Informational,Commercial,serp
full comprehensive insurance,400,Insurance Types,Comprehensive Car Insurance,fully comprehensive car insurance,Informational,Mixed,serp
compare the market car insurance quotes,400,Insurance Comparisons,Car Insurance Comparison,compare the market car insurance,Navigational,Navigational,serp
windscreen insurance cover,400,Insurance Types,Windscreen Insurance Coverage,windscreen cover insurance,Mixed,Informational,serp
insurance comprehensive car,400,Insurance Comparisons,Car Insurance Comparison,insurance comprehensive car,Mixed,Informational,serp
does car insurance cover repairs,400,Insurance Comparisons,Car Insurance Comparison,does car insurance cover repairs,Informational,Informational,serp
cheapest comprehensive car insurance,400,Insurance Types,Comprehensive Car Insurance,compare comprehensive car insurance,Commercial,Commercial,serp
comprehensive coverage,350,Insurance Types,Comprehensive Car Insurance,comprehensive car insurance,Informational,Informational,serp
personal injury cover,350,Personal Coverage,Personal Accident Insurance,personal injury cover,Mixed,Mixed,serp
car insurance rate comparison,350,Insurance Comparisons,Car Insurance Comparison,car insurance rate comparison,Commercial,Commercial,serp
third party only insurance,350,Insurance Types,Third Party Insurance Guide,third party only insurance,Mixed,Mixed,serp
fully comp car insurance,350,Insurance Types,Comprehensive Car Insurance,fully comprehensive car insurance,Informational,Mixed,serp
what does comprehensive insurance mean,350,Insurance Types,Comprehensive Car Insurance,comprehensive car insurance,Informational,Informational,serp
average cost of car insurance uk,350,Insurance Comparisons,Car Insurance Comparison,average cost of car insurance uk,Mixed,Mixed,serp
car insurance third party,350,Insurance Types,Third Party Insurance Guide,third party car insurance,Mixed,Mixed,serp
what is covered under third-party insurance,350,Insurance Types,Third Party Insurance Guide,third party insurance,Informational,Informational,serp
do i need legal cover on car insurance,350,Legal Matters,Legal Cover Insurance,legal cover car insurance,Informational,Informational,serp
key car insurance,350,Insurance Comparisons,Car Key Insurance,key car insurance,Mixed,Mixed,serp
what does third party fire and theft cover,300,Insurance Types,Third Party Insurance Guide,third party fire and theft car insurance,Informational,Informational,serp
what does third party car insurance cover,300,Insurance Types,Third Party Insurance Guide,third party insurance,Informational,Informational,serp
comprehensive vs third party insurance,300,Insurance Types,Third Party Insurance Guide,difference between comprehensive and third party insurance,Informational,Informational,serp
claiming against an uninsured driver,300,Insurance Types,Uninsured Driver Coverage,claiming against an uninsured driver,Informational,Informational,serp
insurance for accidents,300,Personal Coverage,Personal Accident Insurance,insurance for accidents,Informational,Informational,serp
car insurance claims,300,Insurance Comparisons,Car Insurance Comparison,car insurance claims,Informational,Informational,serp
comprehensive car insurance compare,300,Insurance Types,Comprehensive Car Insurance,compare comprehensive car insurance,Commercial,Commercial,serp
fully comprehensive insurance meaning,300,Insurance Types,Comprehensive Car Insurance,fully comprehensive car insurance,Informational,Informational,serp
car insurance comprehensive,300,Insurance Types,Comprehensive Car Insurance,comprehensive car insurance,Informational,Mixed,serp
cheapest third party car insurance,300,Insurance Types,Third Party Insurance Guide,third party car insurance,Mixed,Commercial,serp
third party only car insurance,300,Insurance Types,Third Party Insurance Guide,third party car insurance,Mixed,Commercial,serp
does comprehensive insurance cover theft,300,Insurance Types,Comprehensive Car Insurance,does comprehensive insurance cover theft,Informational,Informational,serp
breakdown cover with courtesy car,300,Insurance Types,Courtesy Car Insurance,breakdown cover with courtesy car,Commercial,Commercial,serp
what is comprehensive cover,300,Insurance Types,Comprehensive Car Insurance,comprehensive car insurance,Informational,Informational,serp
what does fully comp mean,300,Insurance Types,Comprehensive Car Insurance,fully comprehensive car insurance,Informational,Informational,serp
third party insurance quote,300,Insurance Types,Third Party Insurance Guide,third party car insurance,Mixed,Commercial,serp
third party insurance uk,300,Insurance Types,Third Party Insurance Guide,third party insurance uk,Commercial,Commercial,serp
car key cover insurance,300,Insurance Comparisons,Car Key Insurance,car key insurance,Mixed,Commercial,serp
courtesy car rules,300,Insurance Types,Courtesy Car Insurance,courtesy car rules,Informational,Informational,serp
comprehensive insurance quote,300,Insurance Types,Comprehensive Car Insurance,comprehensive car insurance,Informational,Commercial,serp
third party insurer,250,Insurance Types,Third Party Insurance Guide,third party insurance,Informational,Informational,serp
uninsured driver promise meaning,250,Insurance Types,Uninsured Driver Coverage,uninsured driver promise,Informational,Informational,serp
"i was a passenger in a car accident, who do i sue",250,Legal Matters,Car Accident Lawsuit,"i was a passenger in a car accident, who do i sue",Informational,Informational,serp
what is the difference between comprehensive and third party insurance,250,Insurance Types,Third Party Insurance Guide,difference between comprehensive and third party insurance,Informational,Informational,serp
do you need legal cover on car insurance,250,Legal Matters,Legal Cover Insurance,legal cover car insurance,Informational,Informational,serp
personal accident cover meaning,250,Personal Coverage,Personal Accident Insurance,what is personal accident cover,Informational,Informational,serp
cheap third party insurance,250,Insurance Types,Third Party Insurance Guide,third party car insurance,Mixed,Commercial,serp
class a courtesy car,250,Insurance Types,Courtesy Car Insurance,curtesy car,Informational,Informational,serp
comprehensive car insurance coverage,250,Insurance Types,Comprehensive Car Insurance,comprehensive car insurance,Informational,Informational,serp
what is third party liability insurance,250,Insurance Types,Third Party Insurance Guide,third party liability insurance,Informational,Informational,serp
third party insurance claim settlement,250,Insurance Types,Third Party Insurance Guide,third party insurance claim settlement,Informational,Informational,serp
comprehensive insurance cover,250,Insurance Types,Comprehensive Car Insurance,comprehensive car insurance,Informational,Mixed,serp
3rd party insurance car,250,Insurance Types,Third Party Insurance Guide,third party car insurance,Mixed,Commercial,serp
3rd party insurance meaning,250,Insurance Types,Third Party Insurance Guide,third party insurance,Informational,Informational,serp
what does third party insurance mean,250,Insurance Types,Third Party Insurance Guide,third party insurance,Informational,Informational,serp
windscreen replacement insurance,250,Insurance Types,Windscreen Insurance Coverage,windscreen cover insurance,Mixed,Mixed,serp
car comprehensive insurance,250,Insurance Comparisons,Car Insurance Comparison,insurance comprehensive car,Mixed,Mixed,serp
car accident insurance,250,Personal Coverage,Personal Accident Insurance,insurance for accidents,Informational,Informational,serp
cheap liability car insurance,250,Insurance Comparisons,Car Insurance Comparison,cheap liability car insurance,Commercial,Commercial,serp
car key insurance cover,250,Insurance Comparisons,Car Key Insurance,car key insurance,Mixed,Mixed,serp
key insurance,250,Insurance Comparisons,Car Key Insurance,key insurance,Mixed,Mixed,serp
courtsey car,250,Insurance Types,Courtesy Car Insurance,curtesy car,Informational,Mixed,serp
windscreen cover for car,250,Insurance Types,Windscreen Insurance Coverage,windscreen cover,Mixed,Mixed,serp
comprehensive motor insurance,250,Insurance Types,Comprehensive Car Insurance,comprehensive car insurance,Informational,Informational,serp
third party car insurance quote,250,Insurance Types,Third Party Insurance Guide,third party car insurance,Mixed,Mixed,serp
does claiming for windscreen affect insurance,250,Insurance Types,Windscreen Insurance Coverage,does claiming for windscreen affect insurance,Informational,Informational,serp
accident cover,250,Personal Coverage,Personal Accident Insurance,personal accident cover,Mixed,Mixed,serp
fully comp insurance drive any car,250,Insurance Types,Comprehensive Car Insurance,if your fully comprehensive can you drive any car,Informational,Mixed,serp
rac courtesy car,250,Insurance Types,RAC Courtesy Car Services,rac courtesy car,Navigational,Navigational,serp
window screen cover,250,Safety Guidelines,Window Screen Solutions,window screen cover,Mixed,Mixed,serp
third party insurance for car,250,Insurance Types,Third Party Insurance Guide,third party car insurance,Mixed,Mixed,serp
comprehensive car insurance cover,250,Insurance Types,Comprehensive Car Insurance,comprehensive car insurance,Informational,Mixed,serp
comprehensive insurance coverage,250,Insurance Types,Comprehensive Car Insurance,comprehensive car insurance,Informational,Informational,serp
third party insurance cover,250,Insurance Types,Third Party Insurance Guide,third party insurance,Informational,Informational,serp
what does comprehensive car insurance mean,250,Insurance Types,Comprehensive Car Insurance,comprehensive car insurance,Informational,Informational,serp
if your fully comp are you insured on other cars,250,Insurance Types,Comprehensive Car Insurance,if your fully comprehensive can you drive any car,Informational,Informational,serp
meaning of comprehensive insurance,250,Insurance Types,Comprehensive Car Insurance,comprehensive car insurance,Informational,Informational,serp
comprehensive cover meaning,250,Insurance Types,Comprehensive Car Insurance,comprehensive car insurance,Informational,Informational,serp
comprehensive medical insurance,200,Insurance Types,Comprehensive Car Insurance,comprehensive medical insurance,Commercial,Commercial,serp
third party insurance claim,200,Insurance Types,Third Party Insurance Guide,third party insurance claim settlement,Informational,Informational,serp
quotes in insurance,200,Insurance Comparisons,Car Insurance Comparison,car insurance online quote,Commercial,Transactional,serp
what is insurance comprehensive,200,Insurance Types,Comprehensive Car Insurance,comprehensive car insurance,Informational,Informational,serp
what is personal accident cover in car insurance,200,Personal Coverage,Personal Accident Insurance,what is personal accident cover,Informational,Informational,serp
windscreen replacement through insurance,200,Insurance Types,Windscreen Insurance Coverage,windscreen cover insurance,Mixed,Mixed,serp
third party car insurance compare,200,Insurance Types,Third Party Insurance Guide,third party car insurance,Mixed,Commercial,serp
find me car insurance,200,Insurance Comparisons,Car Insurance Comparison,find me car insurance,Commercial,Commercial,serp
london car insurance,200,Insurance Comparisons,Car Insurance Comparison,london car insurance,Commercial,Commercial,serp
fault claim,200,Claims Process,Fault Claim Process,fault claim,Informational,Informational,serp
fully comprehensive meaning,200,Insurance Types,Comprehensive Car Insurance,what does comprehensive mean,Informational,Informational,serp
third party car insurance comparison,200,Insurance Types,Third Party Insurance Guide,third party car insurance,Mixed,Commercial,serp
what is a third party insurance,200,Insurance Types,Third Party Insurance Guide,third party insurance,Informational,Informational,serp
insurance insurance quotes,200,Insurance Comparisons,Car Insurance Comparison,car insurance online quote,Commercial,Commercial,serp
third party car insurance online,200,Insurance Types,Third Party Insurance Guide,third party car insurance,Mixed,Commercial,serp
comprehensive motor vehicle insurance,200,Insurance Types,Comprehensive Car Insurance,comprehensive car insurance,Informational,Commercial,serp
what is courtesy car insurance,200,Insurance Types,Courtesy Car Insurance,courtesy car insurance,Informational,Informational,serp
third parties insurance,200,Insurance Types,Third Party Insurance Guide,third party insurance,Informational,Mixed,serp
accident cover insurance,200,Personal Coverage,Personal Accident Insurance,personal accident cover,Mixed,Commercial,serp
what is third party liability,200,Insurance Types,Third Party Insurance Guide,third party liability insurance,Informational,Informational,serp
lost car keys replacement,200,Insurance Comparisons,Car Key Insurance,lost car keys replacement,Mixed,Mixed,serp
comprehensive in car insurance,200,Insurance Types,Comprehensive Car Insurance,comprehensive car insurance,Informational,Mixed,serp
best comparison sites for car insurance,200,Insurance Comparisons,Car Insurance Comparison,car insurance rate comparison,Commercial,Commercial,serp
third party insurance what does it cover,200,Insurance Types,Third Party Insurance Guide,third party insurance,Informational,Informational,serp
can you drive any car if your fully comp,200,Insurance Types,Comprehensive Car Insurance,if your fully comprehensive can you drive any car,Informational,Informational,serp
complete car insurance,200,Insurance Comparisons,Car Insurance Comparison,insurance comprehensive car,Mixed,Mixed,serp
third party vehicle insurance,200,Insurance Types,Third Party Insurance Guide,third party car insurance,Mixed,Mixed,serp
car insurance key cover,200,Insurance Comparisons,Car Key Insurance,car key insurance,Mixed,Mixed,serp
comprehensive third party insurance,200,Insurance Types,Third Party Insurance Guide,difference between comprehensive and third party insurance,Informational,Informational,serp
great car insurance,200,Insurance Comparisons,Car Insurance Comparison,great car insurance,Commercial,Commercial,serp
third party only,200,Insurance Types,Third Party Insurance Guide,third party only,Mixed,Mixed,serp
personal accident cover car insurance,200,Personal Coverage,Personal Accident Insurance,what is personal accident cover,Informational,Informational,serp
comprehensive car insurance meaning uk,200,Insurance Types,Comprehensive Car Insurance,comprehensive car insurance,Informational,Informational,serp
how does third party insurance work,200,Insurance Types,Third Party Insurance Guide,third party insurance,Informational,Informational,serp
is personal accident cover worth it,200,Personal Coverage,Personal Accident Insurance,what is personal accident cover,Informational,Informational,serp
comprehensive car insurance price,200,Insurance Types,Comprehensive Car Insurance,comprehensive car insurance,Informational,Commercial,serp
car accident without insurance not my fault uk,200,Legal Matters,Uninsured Car Accidents UK,car accident without insurance not my fault uk,Informational,Informational,serp
comprehensive car cover,200,Insurance Types,Comprehensive Car Insurance,comprehensive car insurance,Informational,Informational,serp
difference between third party and comprehensive insurance,200,Insurance Types,Third Party Insurance Guide,difference between comprehensive and third party insurance,Informational,Informational,serp
comprehensive on insurance,200,Insurance Types,Comprehensive Car Insurance,comprehensive car insurance,Informational,Informational,serp
comprehensive insurance for car,200,Insurance Types,Comprehensive Car Insurance,comprehensive car insurance,Informational,Informational,serp
if i have fully comp insurance,200,Insurance Types,Comprehensive Car Insurance,if your fully comprehensive can you drive any car,Informational,Informational,serp
should i get comprehensive or third party car insurance,200,Insurance Types,Third Party Insurance Guide,difference between comprehensive and third party insurance,Informational,Informational,serp
personal injury cover car insurance,200,Personal Coverage,Personal Accident Insurance,personal injury cover,Mixed,Mixed,serp
legal expenses car insurance,200,Legal Matters,Legal Cover Insurance,legal expenses car insurance,Informational,Informational,serp
what is fully comprehensive car insurance,200,Insurance Types,Comprehensive Car Insurance,fully comprehensive car insurance,Informational,Informational,serp
third party claim insurance,200,Insurance Types,Third Party Insurance Guide,third party insurance claim settlement,Informational,Informational,serp
insurance renewal car,200,Insurance Comparisons,Car Insurance Comparison,insurance renewal car,Mixed,Mixed,serp
fully comp driving other cars,200,Insurance Types,Comprehensive Car Insurance,if your fully comprehensive can you drive any car,Informational,Informational,serp
uninsured motorist coverage,200,Insurance Types,Uninsured Driver Coverage,uninsured motorist coverage,Informational,Informational,serp
third party claim,200,Insurance Types,Third Party Insurance Guide,third party insurance claim settlement,Informational,Informational,serp
what comprehensive insurance covers,200,Insurance Types,Comprehensive Car Insurance,comprehensive car insurance,Informational,Informational,serp
uninsured motorist,200,Insurance Types,Uninsured Driver Coverage,uninsured motorist coverage,Informational,Informational,serp
third party and comprehensive insurance difference,200,Insurance Types,Third Party Insurance Guide,difference between comprehensive and third party insurance,Informational,Informational,serp
comp insurance car,200,Insurance Comparisons,Car Insurance Comparison,insurance comprehensive car,Mixed,Mixed,serp
cheap third party car insurance,200,Insurance Types,Third Party Insurance Guide,third party car insurance,Mixed,Commercial,serp
third party insurance claims,200,Insurance Types,Third Party Insurance Guide,third party insurance claim settlement,Informational,Informational,serp
what is third party fire and theft,200,Insurance Types,Third Party Insurance Guide,third party fire and theft car insurance,Informational,Informational,serp
can i get a courtesy car if my car breaks down,200,Insurance Types,Courtesy Car Insurance,courtesy car rules,Informational,Informational,serp
if im fully comp can i drive another car,200,Insurance Types,Comprehensive Car Insurance,if your fully comprehensive can you drive any car,Informational,Informational,serp
third party fire and theft meaning,200,Insurance Types,Third Party Insurance Guide,third party fire and theft car insurance,Informational,Informational,serp
do i need comprehensive insurance,200,Insurance Types,Comprehensive Car Insurance,do i need comprehensive insurance,Informational,Informational,serp
comprehensive insurance definition,200,Insurance Types,Comprehensive Car Insurance,comprehensive car insurance,Informational,Informational,serp
what covered by third party insurance,200,Insurance Types,Third Party Insurance Guide,third party insurance,Informational,Informational,serp
if i have fully comprehensive car insurance,200,Insurance Types,Comprehensive Car Insurance,if your fully comprehensive can you drive any car,Informational,Informational,serp
if you are fully comp can you drive any car,200,Insurance Types,Comprehensive Car Insurance,if your fully comprehensive can you drive any car,Informational,Informational,serp
personal injury car insurance,200,Personal Coverage,Personal Accident Insurance,personal injury cover,Mixed,Mixed,serp
best cheaper car insurance,200,Insurance Comparisons,Car Insurance Comparison,great car insurance,Commercial,Commercial,serp
insurance companies auto,200,Insurance Comparisons,Car Insurance Comparison,find me car insurance,Commercial,Commercial,serp
car insurance windscreen cover,200,Insurance Types,Windscreen Insurance Coverage,windscreen cover insurance,Mixed,Mixed,serp
get a quote for insurance,200,Insurance Comparisons,Car Insurance Comparison,get a quote for insurance,Commercial,Commercial,serp
third party car insurance meaning,200,Insurance Types,Third Party Insurance Guide,third party insurance,Informational,Informational,serp
collision car insurance,200,Insurance Comparisons,Car Insurance Comparison,collision car insurance,Informational,Informational,serp
legal protection car insurance,200,Legal Matters,Legal Cover Insurance,legal protection car insurance,Informational,Informational,serp
car insurance vandalism,200,Insurance Types,Vandalism Car Insurance,car insurance vandalism,Mixed,Mixed,serp
3rd party insurance comparison,200,Insurance Types,Third Party Insurance Guide,third party car insurance,Mixed,Commercial,serp
comprehensive cover car insurance,150,Insurance Types,Comprehensive Car Insurance,comprehensive car insurance,Informational,Informational,serp
car insurance personal accident cover,150,Personal Coverage,Personal Accident Insurance,what is personal accident cover,Informational,Informational,serp
compare the market car insurance phone number,150,Insurance Comparisons,Car Insurance Comparison,compare the market car insurance,Navigational,Navigational,serp
car insurance quotes full coverage,150,Insurance Comparisons,Car Insurance Comparison,car insurance online quote,Commercial,Commercial,serp
car insurance coverages,150,Insurance Comparisons,Car Insurance Comparison,car insurance coverages,Mixed,Informational,serp
comparative car insurance uk,150,Insurance Comparisons,Car Insurance Comparison,car insurance rate comparison,Commercial,Commercial,serp
car insurance 3rd party,150,Insurance Types,Third Party Insurance Guide,third party car insurance,Mixed,Mixed,serp
if you have fully comprehensive car insurance,150,Insurance Types,Comprehensive Car Insurance,fully comprehensive car insurance,Informational,Informational,serp
breakdown courtesy car,150,Insurance Types,Courtesy Car Insurance,breakdown cover with courtesy car,Commercial,Mixed,serp
insurance car comprehensive,150,Insurance Types,Comprehensive Car Insurance,comprehensive car insurance,Informational,Informational,serp
quote comprehensive car insurance,150,Insurance Types,Comprehensive Car Insurance,comprehensive car insurance,Informational,Commercial,serp
car insurance full coverage,150,Insurance Comparisons,Car Insurance Comparison,car insurance coverages,Mixed,Mixed,serp
compare vehicle insurance,150,Insurance Comparisons,Car Insurance Comparison,car insurance rate comparison,Commercial,Commercial,serp
comparison of car insurance,150,Insurance Comparisons,Car Insurance Comparison,car insurance rate comparison,Commercial,Commercial,serp
insurance price for car,150,Insurance Comparisons,Car Insurance Comparison,average cost of car insurance uk,Mixed,Mixed,serp
best car insurance compare site,150,Insurance Comparisons,Car Insurance Comparison,car insurance rate comparison,Commercial,Commercial,serp
can an uninsured driver make a claim,150,Insurance Types,Uninsured Driver Coverage,claiming against an uninsured driver,Informational,Informational,serp
car windscreen insurance,150,Insurance Types,Windscreen Insurance Coverage,windscreen cover insurance,Mixed,Informational,serp
car and insurance deal,150,Insurance Comparisons,Car Insurance Comparison,car and insurance deal,Commercial,Commercial,serp
auto insurance comprehensive,150,Insurance Types,Comprehensive Car Insurance,comprehensive car insurance,Informational,Informational,serp
what is legal expenses cover on car insurance,150,Legal Matters,Legal Cover Insurance,legal expenses car insurance,Informational,Informational,serp
car insurance third party comparison,150,Insurance Types,Third Party Insurance Guide,third party car insurance,Mixed,Commercial,serp
if your fully comprehensive,150,Insurance Types,Comprehensive Car Insurance,if your fully comprehensive can you drive any car,Informational,Informational,serp
what courtesy car will i get,150,Insurance Types,Courtesy Car Insurance,courtesy car rules,Informational,Informational,serp
should i add legal cover to car insurance,150,Legal Matters,Legal Cover Insurance,legal cover car insurance,Informational,Informational,serp
third party motor insurance,150,Insurance Types,Third Party Insurance Guide,third party car insurance,Mixed,Informational,serp
compare car insurance third party,150,Insurance Types,Third Party Insurance Guide,third party car insurance,Mixed,Commercial,serp
what's covered by third-party insurance?,150,Insurance Types,Third Party Insurance Guide,third party insurance,Informational,Informational,serp
what is third party cover,150,Insurance Types,Third Party Insurance Guide,third party insurance,Informational,Informational,serp
what is legal assistance on car insurance,150,Legal Matters,Legal Cover Insurance,what is legal assistance on car insurance,Informational,Informational,serp
compare the.market car insurance,150,Insurance Comparisons,Car Insurance Comparison,compare the market car insurance,Navigational,Navigational,serp
auto insurance car quote,150,Insurance Comparisons,Car Insurance Comparison,car insurance online quote,Commercial,Commercial,serp
what is third party insurance cover,150,Insurance Types,Third Party Insurance Guide,third party insurance,Informational,Informational,serp
quote comparison car insurance,150,Insurance Comparisons,Car Insurance Comparison,car insurance rate comparison,Commercial,Commercial,serp
full insurance for car,150,Insurance Comparisons,Car Insurance Comparison,insurance comprehensive car,Mixed,Commercial,serp
car insurance the best,150,Insurance Comparisons,Car Insurance Comparison,great car insurance,Commercial,Commercial,serp
comprehensive insurance meaning uk,150,Insurance Types,Comprehensive Car Insurance,comprehensive car insurance,Informational,Informational,serp
fully comprehensive car insurance what does it cover,150,Insurance Types,Comprehensive Car Insurance,fully comprehensive car insurance,Informational,Informational,serp
what is 3rd party liability insurance,150,Insurance Types,Third Party Insurance Guide,third party liability insurance,Informational,Informational,serp
compare car insurance policy,150,Insurance Comparisons,Car Insurance Comparison,car insurance rate comparison,Commercial,Commercial,serp
best third party car insurance,150,Insurance Types,Third Party Insurance Guide,third party car insurance,Mixed,Commercial,serp
full comprehensive insurance meaning,150,Insurance Types,Comprehensive Car Insurance,fully comprehensive car insurance,Informational,Informational,serp
what is third party car insurance cover,150,Insurance Types,Third Party Insurance Guide,third party insurance,Informational,Informational,serp
quote car insurance compare,150,Insurance Comparisons,Car Insurance Comparison,car insurance rate comparison,Commercial,Commercial,serp
insurance coverage for car,150,Insurance Comparisons,Car Insurance Comparison,insurance comprehensive car,Mixed,Mixed,serp
if you have comprehensive insurance,150,Insurance Types,Comprehensive Car Insurance,if your fully comprehensive can you drive any car,Informational,Informational,serp
full coverage insurance,150,Insurance Comparisons,Car Insurance Comparison,car insurance coverages,Mixed,Mixed,serp
how do i get a courtesy car,150,Insurance Types,Courtesy Car Insurance,courtesy car rules,Informational,Mixed,serp
comparison car insurance websites,150,Insurance Comparisons,Car Insurance Comparison,car insurance rate comparison,Commercial,Commercial,serp
3rd party car insurance price,150,Insurance Types,Third Party Insurance Guide,third party car insurance,Mixed,Commercial,serp
insurance of the car,150,Insurance Comparisons,Car Insurance Comparison,insurance comprehensive car,Mixed,Commercial,serp
3rd party insurance cover,150,Insurance Types,Third Party Insurance Guide,third party insurance,Informational,Mixed,serp
does car insurance cover vandalism,150,Insurance Types,Vandalism Car Insurance,car insurance vandalism,Mixed,Informational,serp
car insurance personal injury cover,150,Personal Coverage,Personal Accident Insurance,personal injury cover,Mixed,Mixed,serp
insurance quotes for auto,150,Insurance Comparisons,Car Insurance Comparison,car insurance online quote,Commercial,Transactional,serp
fully comp insurance meaning,150,Insurance Types,Comprehensive Car Insurance,fully comprehensive car insurance,Informational,Informational,serp
car auto insurance quote,150,Insurance Comparisons,Car Insurance Comparison,car auto insurance quote,Mixed,Transactional,serp
car quotes insurance comparison,150,Insurance Comparisons,Car Insurance Comparison,car insurance rate comparison,Commercial,Transactional,serp
compare.the market car insurance,150,Insurance Comparisons,Car Insurance Comparison,compare the market car insurance,Navigational,Navigational,serp
insurance car policy,150,Insurance Comparisons,Car Insurance Comparison,insurance comprehensive car,Mixed,Commercial,serp
i have fully comprehensive insurance,150,Insurance Types,Comprehensive Car Insurance,if your fully comprehensive can you drive any car,Informational,Informational,serp
insurance motor,150,Insurance Comparisons,Car Insurance Comparison,insurance motor,Commercial,Commercial,serp
courtesy car cover,150,Insurance Types,Courtesy Car Insurance,courtesy car insurance,Informational,Mixed,serp
can i drive a fully comp car,150,Insurance Types,Comprehensive Car Insurance,if your fully comprehensive can you drive any car,Informational,Informational,serp
car insurance comprehensive coverage,150,Insurance Types,Comprehensive Car Insurance,comprehensive car insurance,Informational,Informational,serp
insurance comprehensive,150,Insurance Comparisons,Car Insurance Comparison,insurance comprehensive car,Mixed,Informational,serp
personal accident car insurance,150,Personal Coverage,Personal Accident Insurance,what is personal accident cover,Informational,Informational,serp
can you claim against an uninsured driver,150,Insurance Types,Uninsured Driver Coverage,claiming against an uninsured driver,Informational,Informational,serp
comprehensive plus car insurance,150,Insurance Types,Comprehensive Car Insurance,comprehensive car insurance,Informational,Commercial,serp
what is a car insurance quote,150,Insurance Comparisons,Car Insurance Comparison,car insurance online quote,Commercial,Commercial,serp
what does comprehensive cover mean,150,Insurance Types,Comprehensive Car Insurance,comprehensive car insurance,Informational,Informational,serp
is windscreen covered by insurance,150,Insurance Types,Windscreen Insurance Coverage,windscreen cover insurance,Mixed,Informational,serp
get a quote on insurance,150,Insurance Comparisons,Car Insurance Comparison,car insurance online quote,Commercial,Commercial,serp
comprehensive insurance car,150,Insurance Types,Comprehensive Car Insurance,comprehensive car insurance,Informational,Mixed,serp
quotation of insurance,150,Insurance Comparisons,Car Insurance Comparison,car insurance online quote,Commercial,Commercial,serp
legal expenses cover for car insurance,150,Legal Matters,Legal Cover Insurance,legal cover car insurance,Informational,Mixed,serp
can fully comp drive any car,150,Insurance Types,Comprehensive Car Insurance,if your fully comprehensive can you drive any car,Informational,Informational,serp
best deals car insurance,150,Insurance Comparisons,Car Insurance Comparison,great car insurance,Commercial,Commercial,serp
quote on vehicle insurance,150,Insurance Comparisons,Car Insurance Comparison,car insurance online quote,Commercial,Transactional,serp
how to get courtesy car,150,Insurance Types,Courtesy Car Insurance,courtesy car rules,Informational,Informational,serp
compare motor vehicle insurance,150,Insurance Comparisons,Car Insurance Comparison,car insurance rate comparison,Commercial,Commercial,serp
car insurance to drive any car fully comprehensive,150,Insurance Types,Comprehensive Car Insurance,if your fully comprehensive can you drive any car,Informational,Informational,serp
criminal damage to car who pays,150,Insurance Types,Vandalism Car Insurance,criminal damage to car who pays,Informational,Informational,serp
comparing car insurance quote,150,Insurance Comparisons,Car Insurance Comparison,car insurance rate comparison,Commercial,Commercial,serp
what is legal cover for car insurance,150,Legal Matters,Legal Cover Insurance,legal cover car insurance,Informational,Informational,serp
what's comprehensive insurance,150,Insurance Types,Comprehensive Car Insurance,comprehensive car insurance,Informational,Informational,serp
legal cover on car insurance,150,Legal Matters,Legal Cover Insurance,legal cover car insurance,Informational,Informational,serp
key cover car insurance,150,Insurance Comparisons,Car Key Insurance,car key insurance,Mixed,Commercial,serp
does home insurance legal cover car,150,Legal Matters,Legal Cover Insurance,does home insurance legal cover car,Informational,Informational,serp
what does a third party insurance cover,150,Insurance Types,Third Party Insurance Guide,third party insurance,Informational,Informational,serp
motor insurance legal cover,150,Legal Matters,Legal Cover Insurance,legal cover car insurance,Informational,Informational,serp
lower car insurance,150,Insurance Comparisons,Car Insurance Comparison,lower car insurance,Informational,Informational,serp
best compare sites for car insurance,150,Insurance Comparisons,Car Insurance Comparison,car insurance rate comparison,Commercial,Commercial,serp
do i need personal accident cover,150,Personal Coverage,Personal Accident Insurance,what is personal accident cover,Informational,Informational,serp
courtesy car for breakdown,150,Insurance Types,Courtesy Car Insurance,breakdown cover with courtesy car,Commercial,Commercial,serp
what is legal cover car insurance,150,Legal Matters,Legal Cover Insurance,legal cover car insurance,Informational,Informational,serp
car windscreen cover insurance,150,Insurance Types,Windscreen Insurance Coverage,windscreen cover insurance,Mixed,Mixed,serp
lost car key insurance,150,Insurance Comparisons,Car Key Insurance,lost car key insurance,Mixed,Informational,serp
comparison website car insurance,150,Insurance Comparisons,Car Insurance Comparison,car insurance rate comparison,Commercial,Commercial,serp
what is comprehensive,150,Insurance Types,Comprehensive Car Insurance,what does comprehensive mean,Informational,Informational,serp
prices car insurance,150,Insurance Comparisons,Car Insurance Comparison,car insurance online quote,Commercial,Commercial,serp
car insurance buy online,150,Insurance Comparisons,Car Insurance Comparison,car insurance online quote,Commercial,Commercial,serp
windscreen protection,150,Insurance Types,Windscreen Insurance Coverage,windscreen cover,Mixed,Mixed,serp
uninsured driver accident,150,Insurance Types,Uninsured Driver Coverage,uninsured driver accident,Informational,Informational,serp
comprehensive cover insurance,150,Insurance Types,Comprehensive Car Insurance,comprehensive car insurance,Informational,Mixed,serp
does third party insurance cover damage to my car,150,Insurance Types,Third Party Insurance Guide,does third party insurance cover damage to my car,Mixed,Mixed,serp
cheapest online car insurance,150,Insurance Comparisons,Car Insurance Comparison,great car insurance,Commercial,Commercial,serp
drivers insurance quote,150,Insurance Comparisons,Car Insurance Comparison,car insurance online quote,Commercial,Commercial,serp
insurance 3rd party,150,Insurance Types,Third Party Insurance Guide,third party insurance,Informational,Mixed,serp
legal assistance car insurance,150,Legal Matters,Legal Cover Insurance,what is legal assistance on car insurance,Informational,Informational,serp
third party car insurance uk,150,Insurance Types,Third Party Insurance Guide,third party car insurance,Mixed,Mixed,serp
comparable insurance,150,Insurance Comparisons,Insurance Comparisons,comparable insurance,Commercial,Commercial,serp
compare car insurance policies,150,Insurance Comparisons,Car Insurance Comparison,car insurance rate comparison,Commercial,Commercial,serp
what is third party only insurance,150,Insurance Types,Third Party Insurance Guide,what is third party only insurance,Mixed,Informational,serp
comprehensive insurance auto,150,Insurance Types,Comprehensive Car Insurance,comprehensive car insurance,Informational,Informational,serp
insurance car insurance quote,150,Insurance Comparisons,Car Insurance Comparison,car insurance online quote,Commercial,Commercial,serp
uk compare car insurance,150,Insurance Comparisons,Car Insurance Comparison,car insurance rate comparison,Commercial,Commercial,serp
full comprehensive car insurance,150,Insurance Types,Comprehensive Car Insurance,comprehensive car insurance,Informational,Mixed,serp
can fully comprehensive drive any car,150,Insurance Types,Comprehensive Car Insurance,if your fully comprehensive can you drive any car,Informational,Informational,serp
comprehensive on car insurance,150,Insurance Types,Comprehensive Car Insurance,comprehensive car insurance,Informational,Informational,serp
comprehensive car insurance vs third party,150,Insurance Types,Third Party Insurance Guide,difference between comprehensive and third party insurance,Informational,Informational,serp
is comprehensive full coverage,150,Insurance Types,Comprehensive Car Insurance,comprehensive car insurance,Informational,Informational,serp
what is legal cover,150,Legal Matters,Legal Cover Insurance,what is legal cover,Informational,Informational,serp
3 party insurance,150,Insurance Types,Third Party Insurance Guide,third party insurance,Informational,Informational,serp
quote insurance comparison,150,Insurance Comparisons,Car Insurance Comparison,car insurance rate comparison,Commercial,Commercial,serp
automobile car insurance,150,Insurance Comparisons,Car Insurance Comparison,insurance comprehensive car,Mixed,Mixed,serp
is legal cover worth it on car insurance,150,Legal Matters,Legal Cover Insurance,legal cover car insurance,Informational,Informational,serp
third part insurance,150,Insurance Types,Third Party Insurance Guide,third party insurance,Informational,Informational,serp
car comprehensive insurance quote,150,Insurance Comparisons,Car Insurance Comparison,car comprehensive insurance quote,Commercial,Commercial,serp
whats third party insurance,150,Insurance Types,Third Party Insurance Guide,third party insurance,Informational,Informational,serp
what does fully comprehensive insurance cover,150,Insurance Types,Comprehensive Car Insurance,fully comprehensive car insurance,Informational,Informational,serp
how do you get a courtesy car,150,Insurance Types,Courtesy Car Insurance,courtesy car rules,Informational,Informational,serp
how much is comprehensive car insurance,150,Insurance Types,Comprehensive Car Insurance,comprehensive car insurance,Informational,Commercial,serp
third party car insurance price,150,Insurance Types,Third Party Insurance Guide,third party car insurance,Mixed,Commercial,serp
can i drive any car if im fully comp,150,Insurance Types,Comprehensive Car Insurance,if your fully comprehensive can you drive any car,Informational,Informational,serp
comprehensive driving insurance,150,Insurance Types,Comprehensive Car Insurance,comprehensive car insurance,Informational,Mixed,serp
cheapest best car insurance,150,Insurance Comparisons,Car Insurance Comparison,great car insurance,Commercial,Commercial,serp
car car insurance quote,150,Insurance Comparisons,Car Insurance Comparison,car insurance online quote,Commercial,Commercial,serp
third party car insurance cost,150,Insurance Types,Third Party Insurance Guide,third party car insurance,Mixed,Mixed,serp
comprehensive car insurance definition,150,Insurance Types,Comprehensive Car Insurance,comprehensive car insurance,Informational,Informational,serp
what is car insurance legal cover,150,Legal Matters,Legal Cover Insurance,legal cover car insurance,Informational,Informational,serp
car insurance best comparison site,150,Insurance Comparisons,Car Insurance Comparison,car insurance rate comparison,Commercial,Commercial,serp
does fully comprehensive cover theft,150,Insurance Types,Comprehensive Car Insurance,does comprehensive insurance cover theft,Informational,Informational,serp
insurance quotes for automobile,150,Insurance Comparisons,Car Insurance Comparison,car insurance online quote,Commercial,Transactional,serp
what does third-party insurance cover,150,Insurance Types,Third Party Insurance Guide,third party insurance,Informational,Informational,serp
is third party insurance cheaper,150,Insurance Types,Third Party Insurance Guide,what is third party only insurance,Mixed,Mixed,serp
best value comprehensive car insurance,150,Insurance Types,Comprehensive Car Insurance,compare comprehensive car insurance,Commercial,Transactional,serp
cheap car insurance full coverage,100,Insurance Comparisons,Car Insurance Comparison,cheap liability car insurance,Commercial,Commercial,serp
what is covered under third party insurance,100,Insurance Types,Third Party Insurance Guide,third party insurance,Informational,Informational,serp
courtesy car breakdown cover,100,Insurance Types,Courtesy Car Insurance,breakdown cover with courtesy car,Commercial,Commercial,serp
do i need legal cover on car and home insurance,100,Legal Matters,Legal Cover Insurance,legal cover car insurance,Informational,Informational,serp
uninsured driver,100,Insurance Types,Uninsured Driver Coverage,uninsured driver accident,Informational,Informational,serp
automobile insurance compare,100,Insurance Comparisons,Car Insurance Comparison,car insurance rate comparison,Commercial,Commercial,serp
car insurance quotes comparison online,100,Insurance Comparisons,Car Insurance Comparison,car insurance rate comparison,Commercial,Commercial,serp
legal cover meaning,100,Legal Matters,Legal Cover Insurance,what is legal cover,Informational,Informational,serp
what does comprehensive auto insurance cover,100,Insurance Types,Comprehensive Car Insurance,comprehensive car insurance,Informational,Informational,serp
what does legal expenses on car insurance cover,100,Legal Matters,Legal Cover Insurance,legal expenses car insurance,Informational,Informational,serp
what does uninsured driver promise mean,100,Insurance Types,Uninsured Driver Coverage,uninsured driver promise,Informational,Informational,serp
insurance windscreen cover,100,Insurance Types,Windscreen Insurance Coverage,windscreen cover insurance,Mixed,Informational,serp
what is a comprehensive car insurance,100,Insurance Types,Comprehensive Car Insurance,comprehensive car insurance,Informational,Informational,serp
courtesy car excess insurance,100,Insurance Types,Courtesy Car Insurance,courtesy car insurance,Informational,Mixed,serp
what is a class a courtesy car,100,Insurance Types,Courtesy Car Insurance,curtesy car,Informational,Informational,serp
car insurance with windscreen cover,100,Insurance Types,Windscreen Insurance Coverage,windscreen cover insurance,Mixed,Informational,serp
what does personal accident cover mean,100,Personal Coverage,Personal Accident Insurance,what is personal accident cover,Informational,Informational,serp
what does fully comprehensive mean,100,Insurance Types,Comprehensive Car Insurance,fully comprehensive car insurance,Informational,Informational,serp
malicious damage car insurance,100,Insurance Types,Vandalism Car Insurance,malicious damage car insurance,Informational,Informational,serp
if you have comprehensive insurance can you drive any car,100,Insurance Types,Comprehensive Car Insurance,if your fully comprehensive can you drive any car,Informational,Informational,serp
how to get a car insurance quote,100,Insurance Comparisons,Car Insurance Comparison,car insurance online quote,Commercial,Commercial,serp
what is covered in comprehensive car insurance,100,Insurance Types,Comprehensive Car Insurance,comprehensive car insurance,Informational,Informational,serp
compare price car insurance,100,Insurance Comparisons,Car Insurance Comparison,car insurance rate comparison,Commercial,Commercial,serp
cheap comparison car insurance,100,Insurance Comparisons,Car Insurance Comparison,car insurance rate comparison,Commercial,Commercial,serp
buying car insurance online,100,Insurance Comparisons,Car Insurance Comparison,find me car insurance,Commercial,Commercial,serp
what is third party,100,Insurance Types,Third Party Insurance Guide,what is third party,Informational,Informational,serp
comprehensive meaning insurance,100,Insurance Types,Comprehensive Car Insurance,comprehensive car insurance,Informational,Informational,serp
does comprehensive insurance cover breakdown,100,Insurance Types,Comprehensive Car Insurance,does comprehensive insurance cover breakdown,Commercial,Commercial,serp
best priced car insurance,100,Insurance Comparisons,Car Insurance Comparison,great car insurance,Commercial,Commercial,serp
compare the cheapest car insurance,100,Insurance Comparisons,Car Insurance Comparison,car insurance rate comparison,Commercial,Commercial,serp
full insurance car,100,Insurance Comparisons,Car Insurance Comparison,insurance comprehensive car,Mixed,Commercial,serp
fully comp,100,Insurance Types,Comprehensive Car Insurance,fully comp insurance,Mixed,Mixed,serp
cheapest car insurance in england,100,Insurance Comparisons,Car Insurance Comparison,cheap liability car insurance,Commercial,Commercial,serp
lost car keys insurance,100,Insurance Comparisons,Car Key Insurance,lost car key insurance,Mixed,Informational,serp
is it worth getting comprehensive car insurance,100,Insurance Types,Comprehensive Car Insurance,do i need comprehensive insurance,Informational,Informational,serp
comprehensive insurance what does it cover,100,Insurance Types,Comprehensive Car Insurance,comprehensive car insurance,Informational,Informational,serp
key protection insurance,100,Insurance Comparisons,Car Key Insurance,car key insurance,Mixed,Mixed,serp
personal injury protection insurance,100,Personal Coverage,Personal Accident Insurance,personal injury protection insurance,Informational,Informational,serp
best comparison site for insurance,100,Insurance Comparisons,Car Insurance Comparison,car insurance rate comparison,Commercial,Commercial,serp
car insurance do i need legal cover,100,Legal Matters,Legal Cover Insurance,legal cover car insurance,Informational,Informational,serp
car legal cover insurance,100,Legal Matters,Legal Cover Insurance,legal cover car insurance,Informational,Informational,serp
free legal cover car insurance,100,Legal Matters,Legal Cover Insurance,legal cover car insurance,Informational,Mixed,serp
what does legal cover on car insurance cover,100,Legal Matters,Legal Cover Insurance,legal protection car insurance,Informational,Informational,serp
car third party insurance,100,Insurance Types,Third Party Insurance Guide,third party car insurance,Mixed,Mixed,serp
uninsured driver cover,100,Insurance Types,Uninsured Driver Coverage,uninsured driver promise,Informational,Mixed,serp
comprehensive and third party insurance,100,Insurance Types,Third Party Insurance Guide,difference between comprehensive and third party insurance,Informational,Informational,serp
what is motor legal protection on car insurance,100,Legal Matters,Legal Cover Insurance,legal protection car insurance,Informational,Informational,serp
legal expenses cover car insurance,100,Legal Matters,Legal Cover Insurance,legal cover car insurance,Informational,Informational,serp
do i need comprehensive car insurance,100,Insurance Types,Comprehensive Car Insurance,do i need comprehensive insurance,Informational,Informational,serp
what is fully comp insurance,100,Insurance Types,Comprehensive Car Insurance,fully comprehensive car insurance,Informational,Informational,serp
what does legal cover on car insurance mean,100,Legal Matters,Legal Cover Insurance,legal cover car insurance,Informational,Informational,serp
quotes for motor insurance,100,Insurance Comparisons,Car Insurance Comparison,car insurance online quote,Commercial,Transactional,serp
car insurance fully comprehensive,100,Insurance Types,Comprehensive Car Insurance,fully comprehensive car insurance,Informational,Mixed,serp
full car insurance,100,Insurance Comparisons,Car Insurance Comparison,insurance comprehensive car,Mixed,Commercial,serp
auto insurance comparisons,100,Insurance Comparisons,Car Insurance Comparison,car insurance rate comparison,Commercial,Transactional,serp
car 3rd party insurance,100,Insurance Types,Third Party Insurance Guide,third party car insurance,Mixed,Mixed,serp
auto comprehensive insurance,100,Insurance Comparisons,Car Insurance Comparison,insurance comprehensive car,Mixed,Informational,serp
compare cars insurance,100,Insurance Comparisons,Car Insurance Comparison,car insurance rate comparison,Commercial,Commercial,serp
auto insurance comprehensive coverage,100,Insurance Types,Comprehensive Car Insurance,comprehensive car insurance,Informational,Informational,serp
insurance auto insurance quotes,100,Insurance Comparisons,Car Insurance Comparison,car auto insurance quote,Mixed,Commercial,serp
how much car insurance cost uk,100,Insurance Comparisons,Car Insurance Comparison,average cost of car insurance uk,Mixed,Informational,serp
uninsured driver claim,100,Insurance Types,Uninsured Driver Coverage,claiming against an uninsured driver,Informational,Informational,serp
what is comprehensive auto insurance,100,Insurance Types,Comprehensive Car Insurance,comprehensive car insurance,Informational,Informational,serp
car insurance 3rd party only,100,Insurance Types,Third Party Insurance Guide,what is third party only insurance,Mixed,Mixed,serp
quotes insurance auto,100,Insurance Comparisons,Car Insurance Comparison,car insurance online quote,Commercial,Commercial,serp
what is a comprehensive insurance,100,Insurance Types,Comprehensive Car Insurance,comprehensive car insurance,Informational,Informational,serp
key insurance cover,100,Insurance Comparisons,Car Key Insurance,key insurance,Mixed,Mixed,serp
car for insurance,100,Insurance Comparisons,Car Insurance Comparison,insurance comprehensive car,Mixed,Commercial,serp
if i have comprehensive car insurance,100,Insurance Types,Comprehensive Car Insurance,if your fully comprehensive can you drive any car,Informational,Informational,serp
how does third party car insurance work,100,Insurance Types,Third Party Insurance Guide,does third party insurance cover damage to my car,Mixed,Informational,serp
auto insurance comprehensive insurance,100,Insurance Types,Comprehensive Car Insurance,comprehensive car insurance,Informational,Mixed,serp
fully comprehensive definition,100,Insurance Types,Comprehensive Car Insurance,what does comprehensive mean,Informational,Informational,serp
cheap fully comprehensive car insurance,100,Insurance Types,Comprehensive Car Insurance,compare comprehensive car insurance,Commercial,Commercial,serp
car insurance online comparison,100,Insurance Comparisons,Car Insurance Comparison,car insurance rate comparison,Commercial,Commercial,serp
comparing car insurance rates,100,Insurance Comparisons,Car Insurance Comparison,car insurance rate comparison,Commercial,Commercial,serp
can i drive other cars on comprehensive insurance,100,Insurance Types,Comprehensive Car Insurance,if your fully comprehensive can you drive any car,Informational,Informational,serp
full insurance,100,Insurance Comparisons,Car Insurance Comparison,insurance comprehensive car,Mixed,Commercial,serp
car insurance legal protection,100,Legal Matters,Legal Cover Insurance,legal protection car insurance,Informational,Informational,serp
3rd party insurance for car,100,Insurance Types,Third Party Insurance Guide,third party car insurance,Mixed,Mixed,serp
prices for car insurance,100,Insurance Comparisons,Car Insurance Comparison,average cost of car insurance uk,Mixed,Commercial,serp
comprehensive in insurance,100,Insurance Types,Comprehensive Car Insurance,comprehensive car insurance,Informational,Mixed,serp
getting the cheapest car insurance,100,Insurance Comparisons,Car Insurance Comparison,great car insurance,Commercial,Commercial,serp
quotes insurance comparison,100,Insurance Comparisons,Car Insurance Comparison,car insurance rate comparison,Commercial,Commercial,serp
insurance for courtesy car,100,Insurance Types,Courtesy Car Insurance,courtesy car insurance,Informational,Informational,serp
car key lost insurance,100,Insurance Comparisons,Car Key Insurance,lost car key insurance,Mixed,Informational,serp
insurance cost car,100,Insurance Comparisons,Car Insurance Comparison,average cost of car insurance uk,Mixed,Mixed,serp
3rd party insurance claim,100,Insurance Types,Third Party Insurance Guide,third party insurance claim settlement,Informational,Informational,serp
car key replacement insurance,100,Insurance Comparisons,Car Key Insurance,car key insurance,Mixed,Informational,serp
car insurance and quote,100,Insurance Comparisons,Car Insurance Comparison,car insurance online quote,Commercial,Commercial,serp
legal car insurance cover,100,Legal Matters,Legal Cover Insurance,legal cover car insurance,Informational,Informational,serp
insurance car third party,100,Insurance Types,Third Party Insurance Guide,third party car insurance,Mixed,Mixed,serp
what is personal injury cover,100,Personal Coverage,Personal Accident Insurance,what is personal accident cover,Informational,Informational,serp
what is personal accident cover on car insurance,100,Personal Coverage,Personal Accident Insurance,what is personal accident cover,Informational,Informational,serp
what's covered by 3rd party insurance,100,Insurance Types,Third Party Insurance Guide,third party insurance,Informational,Informational,serp
what is 3rd party car insurance,100,Insurance Types,Third Party Insurance Guide,third party insurance,Informational,Mixed,serp
car third party insurance comparison,100,Insurance Types,Third Party Insurance Guide,third party car insurance,Mixed,Commercial,serp
car insurance courtesy car,100,Insurance Types,Courtesy Car Insurance,courtesy car insurance,Informational,Informational,serp
cheap 3rd party car insurance,100,Insurance Types,Third Party Insurance Guide,third party car insurance,Mixed,Commercial,serp
quotes insurance automobile,100,Insurance Comparisons,Car Insurance Comparison,car insurance online quote,Commercial,Commercial,serp
cheapest car auto insurance,100,Insurance Comparisons,Car Insurance Comparison,great car insurance,Commercial,Commercial,serp
car keys insurance,100,Insurance Comparisons,Car Key Insurance,lost car key insurance,Mixed,Mixed,serp
what does third-party insurance cover?,100,Insurance Types,Third Party Insurance Guide,third party insurance,Informational,Informational,serp
how much is windscreen excess,100,Insurance Types,Windscreen Insurance Coverage,how much is windscreen excess,Informational,Informational,serp
third party only insurance meaning,100,Insurance Types,Third Party Insurance Guide,third party only insurance,Mixed,Informational,serp
how much is car insurance in uk,100,Insurance Comparisons,Car Insurance Comparison,average cost of car insurance uk,Mixed,Informational,serp
auto insurance comparison quotes,100,Insurance Comparisons,Car Insurance Comparison,car insurance rate comparison,Commercial,Commercial,serp
car insurance lost keys,100,Insurance Comparisons,Car Key Insurance,lost car key insurance,Mixed,Informational,serp
car insurance search engines,100,Insurance Comparisons,Car Insurance Comparison,car insurance rate comparison,Commercial,Commercial,serp
car key insurance comparison,100,Insurance Comparisons,Car Key Insurance,lost car key insurance,Mixed,Mixed,serp
what is comprehensive coverage,100,Insurance Types,Comprehensive Car Insurance,comprehensive car insurance,Informational,Informational,serp
vehicle insurance quotes online,100,Insurance Comparisons,Car Insurance Comparison,car insurance online quote,Commercial,Commercial,serp
how do i get car insurance,100,Insurance Comparisons,Car Insurance Comparison,insurance comprehensive car,Mixed,Mixed,serp
what is comprehensive insurance and third party insurance,100,Insurance Types,Third Party Insurance Guide,difference between comprehensive and third party insurance,Informational,Informational,serp
legal cover car insurance meaning,100,Legal Matters,Legal Cover Insurance,legal cover car insurance,Informational,Informational,serp
compare meerkat car insurance,100,Insurance Comparisons,Car Insurance Comparison,compare the market car insurance,Navigational,Commercial,serp
windscreen insurance cover only,100,Insurance Types,Windscreen Insurance Coverage,windscreen cover insurance,Mixed,Commercial,serp
breakdown cover courtesy car,90,Insurance Types,Courtesy Car Insurance,breakdown cover with courtesy car,Commercial,Commercial,serp
what is windscreen cover,90,Insurance Types,Windscreen Insurance Coverage,windscreen cover insurance,Mixed,Informational,serp
legal cover for car insurance,90,Legal Matters,Legal Cover Insurance,legal expenses car insurance,Informational,Informational,serp
car vandalism,90,Insurance Types,Vandalism Car Insurance,car vandalism,Informational,Informational,serp
uninsured drivers uk,90,Insurance Types,Uninsured Driver Coverage,uninsured drivers uk,Informational,Informational,serp
meaning of comprehensive car insurance,90,Insurance Types,Comprehensive Car Insurance,comprehensive car insurance,Informational,Informational,serp
car and insurance,90,Insurance Comparisons,Car Insurance Comparison,insurance comprehensive car,Mixed,Commercial,serp
cheap car insurance third party,90,Insurance Types,Third Party Insurance Guide,third party car insurance,Mixed,Commercial,serp
should i get legal cover with car insurance,90,Legal Matters,Legal Cover Insurance,legal cover car insurance,Informational,Informational,serp
how does courtesy car insurance work,90,Insurance Types,Courtesy Car Insurance,courtesy car insurance,Informational,Informational,serp
motorcar insurance,90,Insurance Comparisons,Car Insurance Comparison,motorcar insurance,Commercial,Commercial,serp
comprehensive auto insurance coverage,90,Insurance Types,Comprehensive Car Insurance,comprehensive car insurance,Informational,Informational,serp
courtesy car insurance cover,90,Insurance Types,Courtesy Car Insurance,courtesy car insurance,Informational,Informational,serp
car insurance personal injury,90,Personal Coverage,Personal Accident Insurance,personal injury cover,Mixed,Informational,serp
is windscreen cover worth it,90,Insurance Types,Windscreen Insurance Coverage,is windscreen cover worth it,Mixed,Mixed,serp
car insurance personal injury protection,80,Personal Coverage,Personal Accident Insurance,personal injury protection insurance,Informational,Informational,serp
what is key cover car insurance,80,Insurance Comparisons,Car Key Insurance,car key insurance,Mixed,Mixed,serp
car insurance is legal cover worth it,80,Legal Matters,Legal Cover Insurance,legal cover car insurance,Informational,Mixed,serp
is car insurance legal cover worth it,80,Legal Matters,Legal Cover Insurance,legal cover car insurance,Informational,Mixed,serp
courtesy car insurance meaning,80,Insurance Types,Courtesy Car Insurance,courtesy car insurance,Informational,Informational,serp
car insurance what is legal cover,80,Legal Matters,Legal Cover Insurance,legal cover car insurance,Informational,Informational,serp
insurance third party,80,Insurance Types,Third Party Insurance Guide,third party insurance,Informational,Mixed,serp
cheapest third party insurance for car,80,Insurance Types,Third Party Insurance Guide,third party car insurance,Mixed,Commercial,serp
uninsured drivers,80,Insurance Types,Uninsured Driver Coverage,uninsured driver accident,Informational,Informational,serp
what third party insurance covers,80,Insurance Types,Third Party Insurance Guide,third party insurance,Informational,Informational,serp
car seat accident replacement law uk,80,Safety Guidelines,Car Seat Accident Guidelines,car seat accident replacement law uk,Informational,Informational,serp
prices on car insurance,70,Insurance Comparisons,Car Insurance Comparison,average cost of car insurance uk,Mixed,Commercial,serp
accident protection,70,Personal Coverage,Personal Accident Insurance,personal accident cover,Mixed,Commercial,serp
car insurance legal cover worth it,70,Legal Matters,Legal Cover Insurance,legal cover car insurance,Informational,Informational,serp
car insurance with legal cover,70,Legal Matters,Legal Cover Insurance,legal cover car insurance,Informational,Commercial,serp
vandalism promise,70,Safety Guidelines,Vandalism Consequences,vandalism promise,Informational,Informational,serp
does car insurance cover lost keys,70,Insurance Comparisons,Car Key Insurance,lost car key insurance,Mixed,Informational,serp
personal injury protection,70,Personal Coverage,Personal Accident Insurance,personal injury protection insurance,Informational,Informational,serp
legal cover with car insurance,70,Legal Matters,Legal Cover Insurance,legal cover car insurance,Informational,Informational,serp
car insurance legal expense cover,70,Legal Matters,Legal Cover Insurance,legal expenses car insurance,Informational,Informational,serp
insurance courtesy car,70,Insurance Types,Courtesy Car Insurance,courtesy car insurance,Informational,Informational,serp
what is legal protection on car insurance,60,Legal Matters,Legal Cover Insurance,legal protection car insurance,Informational,Informational,serp
car key insurance uk,60,Insurance Comparisons,Car Key Insurance,car key insurance,Mixed,Mixed,serp
car insurance comp,60,Insurance Comparisons,Car Insurance Comparison,car comprehensive insurance quote,Commercial,Commercial,serp
what is legal cover in car insurance,60,Legal Matters,Legal Cover Insurance,legal cover car insurance,Informational,Informational,serp
hastings uninsured driver promise,60,Insurance Types,Uninsured Driver Coverage,hastings uninsured driver promise,Mixed,Mixed,serp
garage courtesy car insurance,60,Insurance Types,Courtesy Car Insurance,courtesy car insurance,Informational,Informational,serp
legal cover in car insurance,60,Legal Matters,Legal Cover Insurance,legal cover car insurance,Informational,Informational,serp
legal cover car insurance worth it,50,Legal Matters,Legal Cover Insurance,legal cover car insurance,Informational,Informational,serp
windscreen cover insurance only,50,Insurance Types,Windscreen Insurance Coverage,windscreen cover insurance,Mixed,Mixed,serp
how do i add legal cover to my car insurance,50,Legal Matters,Legal Cover Insurance,legal cover car insurance,Informational,Informational,serp
how long does it take to get a courtesy car,50,Insurance Types,Courtesy Car Insurance,courtesy car rules,Informational,Informational,serp
does windscreen cover affect no claims,50,Insurance Types,Windscreen Insurance Coverage,does claiming for windscreen affect insurance,Informational,Informational,serp
can you get a courtesy car from your insurance,50,Insurance Types,Courtesy Car Insurance,courtesy car rules,Informational,Mixed,serp
what does legal protection cover on car insurance,50,Legal Matters,Legal Cover Insurance,legal protection car insurance,Informational,Informational,serp
what does legal cover mean on car insurance,50,Legal Matters,Legal Cover Insurance,legal cover car insurance,Informational,Informational,serp
what does car insurance legal cover mean,50,Legal Matters,Legal Cover Insurance,legal cover car insurance,Informational,Informational,serp
vandalism punishment,50,Safety Guidelines,Vandalism Consequences,vandalism punishment,Informational,Informational,serp
legal protection insurance meaning,50,Legal Matters,Legal Protection Insurance,legal protection insurance meaning,Mixed,Mixed,serp
can an uninsured driver claim against me uk,50,Insurance Types,Uninsured Driver Coverage,claiming against an uninsured driver,Informational,Mixed,serp
do you need legal cover for car insurance,50,Legal Matters,Legal Cover Insurance,legal cover car insurance,Informational,Mixed,serp
car contents insurance,50,Insurance Comparisons,Car Insurance Comparison,car contents insurance,Commercial,Commercial,serp
what does legal cover mean in car insurance,50,Legal Matters,Legal Cover Insurance,legal cover car insurance,Informational,Informational,serp
what is legal protection insurance,50,Legal Matters,Legal Protection Insurance,legal protection insurance meaning,Mixed,Informational,serp
what does legal expenses cover on car insurance,50,Legal Matters,Legal Cover Insurance,legal expenses car insurance,Informational,Mixed,serp
what does legal protection on car insurance cover,40,Legal Matters,Legal Cover Insurance,legal protection car insurance,Informational,Informational,serp
car insurance l,40,Insurance Comparisons,Car Insurance Comparison,car insurance online quote,Commercial,Commercial,serp
is it worth getting legal cover on car insurance,40,Legal Matters,Legal Cover Insurance,legal cover car insurance,Informational,Informational,serp
malicious damage car,40,Insurance Types,Vandalism Car Insurance,malicious damage car insurance,Informational,Informational,serp
courtesy car from garage insurance,40,Insurance Types,Courtesy Car Insurance,courtesy car insurance,Informational,Informational,serp
courtesey car,40,Insurance Types,Courtesy Car Insurance,curtesy car,Informational,Mixed,serp
why do you need legal cover on car insurance,40,Legal Matters,Legal Cover Insurance,legal protection car insurance,Informational,Informational,serp
courtesy car insurance for a garage,40,Insurance Types,Courtesy Car Insurance,courtesy car insurance,Informational,Informational,serp
windscreen protection cover,40,Insurance Types,Windscreen Insurance Coverage,windscreen cover,Mixed,Mixed,serp
what is legal cover on my car insurance,40,Legal Matters,Legal Cover Insurance,legal cover car insurance,Informational,Informational,serp
what does legal cover do on car insurance,40,Legal Matters,Legal Cover Insurance,legal cover car insurance,Informational,Informational,serp
screen cover for car,40,Insurance Types,Windscreen Insurance Coverage,windscreen cover,Mixed,Commercial,serp
car insurance key replacement,40,Insurance Comparisons,Car Key Insurance,lost car key insurance,Mixed,Mixed,serp
personal accident insurance car,40,Personal Coverage,Personal Accident Insurance,what is personal accident cover,Informational,Informational,serp
does my insurance cover courtesy car,40,Insurance Types,Courtesy Car Insurance,courtesy car insurance,Informational,Informational,serp
do you have to pay for a courtesy car,40,Insurance Types,Courtesy Car Insurance,courtesy car insurance,Informational,Informational,serp
do you need legal cover with car insurance,30,Legal Matters,Legal Cover Insurance,legal cover car insurance,Informational,Informational,serp
accident car insurance,30,Personal Coverage,Personal Accident Insurance,insurance for accidents,Informational,Mixed,serp
stolen car keys what to do,30,Insurance Comparisons,Car Key Insurance,stolen car keys what to do,Informational,Informational,serp
what is legal protection,30,Legal Matters,Legal Protection Insurance,what is legal protection,Informational,Informational,serp
is legal cover on car insurance worth it,30,Legal Matters,Legal Cover Insurance,legal cover car insurance,Informational,Informational,serp
uninsured driver driving insured car,30,Insurance Types,Uninsured Driver Coverage,uninsured driver accident,Informational,Informational,serp
car seat replacement after accident,30,Safety Guidelines,Car Seat Accident Guidelines,car seat replacement after accident,Informational,Informational,serp
car seat after accident,30,Safety Guidelines,Car Seat Accident Guidelines,car seat replacement after accident,Informational,Informational,serp
personal cover,30,Personal Coverage,Personal Cover Solutions,personal cover,Commercial,Commercial,serp
lost key insurance,30,Insurance Comparisons,Car Key Insurance,lost car key insurance,Mixed,Mixed,serp
what's legal cover on car insurance,30,Legal Matters,Legal Cover Insurance,legal cover car insurance,Informational,Informational,serp
whats personal accident cover,20,Personal Coverage,Personal Accident Insurance,what is personal accident cover,Informational,Informational,serp
replace car seat after accident,20,Safety Guidelines,Car Seat Accident Guidelines,car seat replacement after accident,Informational,Informational,serp
car windscreen insurance cover,20,Insurance Types,Windscreen Insurance Coverage,windscreen cover insurance,Mixed,Mixed,serp
temporary courtesy car insurance,20,Insurance Types,Courtesy Car Insurance,temporary courtesy car insurance,Mixed,Mixed,serp
insurance replacement car,20,Insurance Comparisons,Car Insurance Comparison,insurance replacement car,Mixed,Commercial,serp
what happens if you damage a courtesy car,20,Insurance Types,Courtesy Car Insurance,what happens if you damage a courtesy car,Informational,Informational,serp
replacing car seat after minor accident uk,20,Safety Guidelines,Car Seat Accident Guidelines,car seat accident replacement law uk,Informational,Informational,serp
vandalism car insurance,20,Insurance Types,Vandalism Car Insurance,car insurance vandalism,Mixed,Mixed,serp
aviva accident,20,Accident Coverage,Aviva Accident Coverage,aviva accident,Navigational,Navigational,serp
car insurance with key cover,20,Insurance Comparisons,Car Key Insurance,car key insurance,Mixed,Commercial,serp
calculate car insurance cost,20,Insurance Comparisons,Car Insurance Comparison,car insurance online quote,Commercial,Mixed,serp
car insurance replacement car,20,Insurance Comparisons,Car Insurance Comparison,insurance replacement car,Mixed,Mixed,serp
car vandalism insurance,20,Insurance Types,Vandalism Car Insurance,car insurance vandalism,Mixed,Informational,serp
car key stolen what to do,20,Insurance Comparisons,Car Key Insurance,stolen car keys what to do,Informational,Informational,serp
vandalism car,20,Insurance Types,Vandalism Car Insurance,car vandalism,Informational,Informational,serp
legal protection insurance car,10,Legal Matters,Legal Cover Insurance,legal protection car insurance,Informational,Mixed,serp
personal accident cover in car insurance,10,Personal Coverage,Personal Accident Insurance,what is personal accident cover,Informational,Informational,serp
car insurance with courtesy car,10,Insurance Types,Courtesy Car Insurance,courtesy car insurance,Informational,Mixed,serp
malicious damage car meaning,10,Insurance Types,Vandalism Car Insurance,malicious damage car insurance,Informational,Informational,serp
do you need personal accident cover on car insurance,10,Personal Coverage,Personal Accident Insurance,what is personal accident cover,Informational,Informational,serp
car seat in accident,10,Safety Guidelines,Car Seat Accident Guidelines,car seat replacement after accident,Informational,Informational,serp
personal accident cover means,10,Personal Coverage,Personal Accident Insurance,what is personal accident cover,Informational,Informational,serp
cracked windshield insurance,10,Insurance Types,Windscreen Insurance Coverage,cracked windshield insurance,Informational,Informational,serp
car seat accident,10,Safety Guidelines,Car Seat Accident Guidelines,car seat replacement after accident,Informational,Informational,serp
car vandalised,10,Insurance Types,Vandalism Car Insurance,car vandalism,Informational,Mixed,serp
