Topic,Pillar,Page,Intent,Keywords,Volume
Accident Coverage,Aviva Accident Coverage,aviva accident,Navigational,1,20
Claims Process,Fault Claim Process,fault claim,Informational,1,200
Insurance Comparisons,Car Insurance Comparison,compare the market car insurance,Navigational,12,94500
Insurance Comparisons,Car Insurance Comparison,car insurance rate comparison,Commercial,32,4400
Insurance Comparisons,Car Insurance Comparison,car insurance online quote,Commercial,24,3710
Insurance Comparisons,Car Insurance Comparison,insurance comprehensive car,Mixed,17,2640
Insurance Comparisons,Car Insurance Comparison,car insurance for young drivers,Commercial,1,2600
Insurance Comparisons,Car Key Insurance,car key insurance,Mixed,10,1760
Insurance Comparisons,Car Insurance Comparison,great car insurance,Commercial,9,1300
Insurance Comparisons,Car Insurance Comparison,average cost of car insurance uk,Mixed,7,970
Insurance Comparisons,Car Key Insurance,lost car key insurance,Mixed,9,790
Insurance Comparisons,Car Insurance Comparison,find me car insurance,Commercial,3,500
Insurance Comparisons,Car Insurance Comparison,cheap liability car insurance,Commercial,3,450
Insurance Comparisons,Car Insurance Comparison,car insurance coverages,Mixed,3,450
Insurance Comparisons,Car Insurance Comparison,does car insurance cover repairs,Informational,1,400
Insurance Comparisons,Car Key Insurance,key car insurance,Mixed,1,350
Insurance Comparisons,Car Key Insurance,key insurance,Mixed,2,350
Insurance Comparisons,Car Insurance Comparison,car insurance claims,Informational,1,300
Insurance Comparisons,Car Insurance Comparison,car auto insurance quote,Mixed,2,250
Insurance Comparisons,Car Insurance Comparison,car comprehensive insurance quote,Commercial,2,210
Insurance Comparisons,Car Insurance Comparison,london car insurance,Commercial,1,200
Insurance Comparisons,Car Insurance Comparison,insurance renewal car,Mixed,1,200
Insurance Comparisons,Car Insurance Comparison,get a quote for insurance,Commercial,1,200
Insurance Comparisons,Car Insurance Comparison,collision car insurance,Informational,1,200
Insurance Comparisons,Car Key Insurance,lost car keys replacement,Mixed,1,200
Insurance Comparisons,Car Insurance Comparison,car and insurance deal,Commercial,1,150
Insurance Comparisons,Car Insurance Comparison,insurance motor,Commercial,1,150
Insurance Comparisons,Car Insurance Comparison,lower car insurance,Informational,1,150
Insurance Comparisons,Insurance Comparisons,comparable insurance,Commercial,1,150
Insurance Comparisons,Car Insurance Comparison,motorcar insurance,Commercial,1,90
Insurance Comparisons,Car Insurance Comparison,car contents insurance,Commercial,1,50
Insurance Comparisons,Car Key Insurance,stolen car keys what to do,Informational,2,50
Insurance Comparisons,Car Insurance Comparison,insurance replacement car,Mixed,2,40
Insurance Types,Third Party Insurance Guide,third party insurance,Informational,41,24910
Insurance Types,Comprehensive Car Insurance,comprehensive car insurance,Informational,67,24280
Insurance Types,Third Party Insurance Guide,third party car insurance,Mixed,34,8870
Insurance Types,Comprehensive Car Insurance,fully comprehensive car insurance,Informational,18,6850
Insurance Types,Windscreen Insurance Coverage,windscreen cover,Mixed,6,5580
Insurance Types,Comprehensive Car Insurance,if your fully comprehensive can you drive any car,Informational,21,4800
Insurance Types,Windscreen Insurance Coverage,windscreen cover insurance,Mixed,15,3360
Insurance Types,Third Party Insurance Guide,difference between comprehensive and third party insurance,Informational,10,2300
Insurance Types,Courtesy Car Insurance,courtesy car insurance,Informational,16,2210
Insurance Types,Uninsured Driver Coverage,uninsured driver promise,Informational,5,2000
Insurance Types,Comprehensive Car Insurance,what does comprehensive mean,Informational,5,1800
Insurance Types,Comprehensive Car Insurance,compare comprehensive car insurance,Commercial,5,1450
Insurance Types,Third Party Insurance Guide,third party fire and theft car insurance,Informational,4,1400
Insurance Types,Third Party Insurance Guide,third party liability insurance,Informational,4,1300
Insurance Types,Courtesy Car Insurance,courtesy car rules,Informational,8,1200
Insurance Types,Third Party Insurance Guide,third party insurance claim settlement,Informational,6,1150
Insurance Types,Courtesy Car Insurance,curtesy car,Informational,5,1090
Insurance Types,Courtesy Car Insurance,breakdown cover with courtesy car,Commercial,5,790
Insurance Types,Uninsured Driver Coverage,claiming against an uninsured driver,Informational,5,750
Insurance Types,Comprehensive Car Insurance,fully comp insurance,Mixed,2,700
Insurance Types,Comprehensive Car Insurance,does comprehensive insurance cover theft,Informational,2,450
Insurance Types,Third Party Insurance Guide,third party only insurance,Mixed,2,450
Insurance Types,Comprehensive Car Insurance,do i need comprehensive insurance,Informational,3,400
Insurance Types,Third Party Insurance Guide,what is third party only insurance,Mixed,3,400
Insurance Types,Uninsured Driver Coverage,uninsured motorist coverage,Informational,2,400
Insurance Types,Vandalism Car Insurance,car insurance vandalism,Mixed,4,390
Insurance Types,Uninsured Driver Coverage,uninsured driver accident,Informational,4,360
Insurance Types,Third Party Insurance Guide,third party insurance uk,Commercial,1,300
Insurance Types,Windscreen Insurance Coverage,does claiming for windscreen affect insurance,Informational,2,300
Insurance Types,Third Party Insurance Guide,does third party insurance cover damage to my car,Mixed,2,250
Insurance Types,RAC Courtesy Car Services,rac courtesy car,Navigational,1,250
Insurance Types,Comprehensive Car Insurance,comprehensive medical insurance,Commercial,1,200
Insurance Types,Third Party Insurance Guide,third party only,Mixed,1,200
Insurance Types,Vandalism Car Insurance,criminal damage to car who pays,Informational,1,150
Insurance Types,Vandalism Car Insurance,malicious damage car insurance,Informational,3,150
Insurance Types,Vandalism Car Insurance,car vandalism,Informational,3,120
Insurance Types,Comprehensive Car Insurance,does comprehensive insurance cover breakdown,Commercial,1,100
Insurance Types,Third Party Insurance Guide,what is third party,Informational,1,100
Insurance Types,Windscreen Insurance Coverage,how much is windscreen excess,Informational,1,100
Insurance Types,Uninsured Driver Coverage,uninsured drivers uk,Informational,1,90
Insurance Types,Windscreen Insurance Coverage,is windscreen cover worth it,Mixed,1,90
Insurance Types,Uninsured Driver Coverage,hastings uninsured driver promise,Mixed,1,60
Insurance Types,Courtesy Car Insurance,temporary courtesy car insurance,Mixed,1,20
Insurance Types,Courtesy Car Insurance,what happens if you damage a courtesy car,Informational,1,20
Insurance Types,Windscreen Insurance Coverage,cracked windshield insurance,Informational,1,10
Legal Matters,Legal Cover Insurance,legal cover car insurance,Informational,42,5320
Legal Matters,Legal Cover Insurance,legal protection car insurance,Informational,9,700
Legal Matters,Legal Cover Insurance,legal expenses car insurance,Informational,6,660
Legal Matters,Legal Cover Insurance,what is legal assistance on car insurance,Informational,2,300
Legal Matters,Legal Cover Insurance,what is legal cover,Informational,2,250
Legal Matters,Car Accident Lawsuit,"i was a passenger in a car accident, who do i sue",Informational,1,250
Legal Matters,Uninsured Car Accidents UK,car accident without insurance not my fault uk,Informational,1,200
Legal Matters,Legal Cover Insurance,does home insurance legal cover car,Informational,1,150
Legal Matters,Legal Protection Insurance,legal protection insurance meaning,Mixed,2,100
Legal Matters,Legal Protection Insurance,what is legal protection,Informational,1,30
Personal Coverage,Personal Accident Insurance,what is personal accident cover,Informational,16,2690
Personal Coverage,Personal Accident Insurance,personal accident cover,Mixed,4,1920
Personal Coverage,Personal Accident Insurance,personal injury cover,Mixed,5,990
Personal Coverage,Personal Accident Insurance,insurance for accidents,Informational,3,580
Personal Coverage,Personal Accident Insurance,personal injury protection insurance,Informational,3,250
Personal Coverage,Personal Cover Solutions,personal cover,Commercial,1,30
Safety Guidelines,Window Screen Solutions,window screen cover,Mixed,1,250
Safety Guidelines,Car Seat Accident Guidelines,car seat accident replacement law uk,Informational,2,100
Safety Guidelines,Car Seat Accident Guidelines,car seat replacement after accident,Informational,5,100
Safety Guidelines,Vandalism Consequences,vandalism promise,Informational,1,70
Safety Guidelines,Vandalism Consequences,vandalism punishment,Informational,1,50
